hour_sin,hour_cos,is_failure,is_server_error,has_user,endpoint_length,synthetic_label
-0.9699630630615745,-0.24325224828602923,0.0,0.0,0.0,0.03248922675769647,0.0
-0.18363046086626975,-0.9829953478231936,0.0,0.0,1.0,0.05392143939002271,0.0
-0.9991032854877954,0.04233940159582994,0.0,0.0,1.0,0.10859424091421802,0.0
-0.8745077011771354,-0.48501162932643394,0.0,0.0,0.0,0.08238325812665907,0.0
0.8351879812576025,-0.5499645770073293,0.0,0.0,1.0,0.1053066551263206,0.0
-0.9044822541858382,0.4265112564316502,0.0,0.0,1.0,0.0568124840296739,0.0
-0.9584334048166592,-0.2853163306429304,0.0,0.0,0.0,0.1307156742960754,0.0
-0.9791609672039397,-0.20308569694649875,0.0,0.0,0.0,0.11253834574100056,0.0
0.7662445669240159,-0.6425490359960299,0.0,0.0,1.0,0.14745952471165163,0.0
-0.2219783544215345,-0.9750515935930302,0.0,0.0,1.0,0.13001997502401463,0.0
0.047008563826800034,-0.9988944863832925,0.0,0.0,0.0,0.13033450362480117,0.0
-0.9626011417906349,0.27092257532986436,0.0,0.0,1.0,0.0476846322734943,0.0
-0.7722203859277605,-0.6353547635436289,0.0,0.0,0.0,0.1446295775822436,0.0
-0.9968325634768355,-0.07952886515096806,0.0,0.0,0.0,0.10345667990977789,0.0
-0.19878244516115517,-0.9800436416281432,0.0,0.0,1.0,0.11167008461751911,0.0
0.5103695625374497,-0.8599551788525563,0.0,0.0,1.0,0.17241321881954047,0.0
-0.5467456108039956,-0.8372987740744434,0.0,0.0,0.0,0.08402822217415523,0.0
0.8874587797561293,-0.46088709488741597,0.0,0.0,0.0,0.18755921642295004,0.0
-0.9980136420796221,-0.06299817634636734,0.0,0.0,1.0,0.19222376496865468,0.0
-0.7451799526817815,-0.6668634328865078,0.0,0.0,1.0,0.1576392218682186,0.0
-0.9554181685165429,-0.29525603002901524,0.0,0.0,0.0,0.0709689594616289,0.0
0.1022271855738658,-0.9947610781135571,0.0,0.0,1.0,0.010685337718653404,0.0
-0.9115029775806786,0.4112934741295527,0.0,0.0,1.0,0.17394174571299703,0.0
-0.9872514802983174,0.15916819609702498,0.0,0.0,0.0,0.12556925306655398,0.0
-0.973518217299817,-0.228609449903949,0.0,0.0,0.0,0.08274012645892687,0.0
0.6024483804985787,-0.798157847067007,0.0,0.0,0.0,0.17867811718778012,0.0
-0.27581511753458077,-0.9612107057973217,0.0,0.0,0.0,0.07692205595610951,0.0
0.91676938173171,-0.3994169509663534,0.0,0.0,1.0,0.09879223708845286,0.0
0.7060390559421916,-0.70817289660383,0.0,0.0,0.0,0.14624451821584972,0.0
-0.8498425269957457,-0.527036696359452,0.0,0.0,1.0,0.06431985841925612,0.0
-0.9410498580128019,-0.3382678890082316,0.0,0.0,1.0,0.11452595451964663,0.0
-0.9159121769237899,0.4013787290860394,0.0,0.0,0.0,0.17445685919566806,0.0
0.19875313382275708,-0.980049586396338,0.0,0.0,0.0,0.1305555371810565,0.0
0.048158688951524774,-0.9988396971879273,0.0,0.0,0.0,0.18237131684118402,0.0
-0.2850758607274052,-0.9585049575409242,0.0,0.0,1.0,0.1766801179002999,0.0
0.6163913089730813,-0.7874400003952374,0.0,0.0,0.0,0.12038691672108097,0.0
0.7622765480137239,-0.647251469174293,0.0,0.0,1.0,0.0031629311821305683,0.0
-0.3050714176572976,-0.9523294756167986,0.0,0.0,0.0,0.06471138523923467,0.0
0.5113332381303773,-0.8593825222699742,0.0,0.0,0.0,0.15816670561922447,0.0
-0.8252488495022661,-0.5647692771346422,0.0,0.0,1.0,0.04248742898573564,0.0
-0.17785121632719078,-0.9840573890027648,0.0,0.0,0.0,0.10366537057065249,0.0
-0.9989484806051329,-0.04584684391205673,0.0,0.0,1.0,0.1369240306844516,0.0
-0.8792472695080519,-0.4763656568883142,0.0,0.0,0.0,0.19347853478807553,0.0
0.2434204245554341,-0.969920871468004,0.0,0.0,0.0,0.09124901517727929,0.0
-0.9988821837401909,-0.047269260692627796,0.0,0.0,0.0,0.08782561454584353,0.0
-0.9900949692376942,-0.14039925886631052,0.0,0.0,1.0,0.11737771167522497,0.0
-0.009743738220125716,-0.9999525286559846,0.0,0.0,1.0,0.1375456484905051,0.0
0.32186946154289703,-0.9467840565440916,0.0,0.0,0.0,0.1122876586301953,0.0
-0.8488482911084929,-0.5286365279492056,0.0,0.0,0.0,0.17246341744429053,0.0
0.7401977750671855,-0.6723892130199504,0.0,0.0,0.0,0.0800428083485764,0.0
0.5880379790906901,-0.8088333172829474,0.0,0.0,1.0,0.12600804666895218,0.0
0.9591381497465864,-0.28293817292951967,0.0,0.0,1.0,0.14226063551235096,0.0
-0.9797512364249307,-0.2002186672711103,0.0,0.0,0.0,0.09998835950470716,0.0
-0.8155917718527684,-0.5786277401629322,1.0,0.0,0.0,0.16198549682799834,0.0
-0.8870692446610536,-0.4616363884882428,0.0,0.0,1.0,0.12744792706211747,0.0
-0.9753121165502441,-0.22083087490267977,1.0,0.0,1.0,0.1594422856576137,0.0
-0.25018696747899916,-0.9681975425003216,0.0,0.0,1.0,0.1297052054024416,0.0
-0.5864364449530399,-0.8099952444495215,0.0,0.0,1.0,0.13882022857436138,0.0
0.7400958993668009,-0.672501345530584,0.0,0.0,1.0,0.08838041215753223,0.0
0.7951204683076891,-0.6064515156862592,0.0,0.0,1.0,0.08846141474043882,0.0
-0.8225271535381841,-0.5687258405351145,0.0,0.0,1.0,0.18121982399643882,0.0
-0.2900969471976276,-0.9569972629149035,0.0,0.0,0.0,0.15177552222601662,0.0
-0.5767323579109078,-0.8169331596517089,0.0,0.0,0.0,0.0688517416888799,0.0
-0.962098036821269,-0.2727038091861937,0.0,0.0,0.0,0.12904317123274156,0.0
-0.7520707496077962,-0.659082383002586,0.0,0.0,1.0,0.0013111973232287077,0.0
-0.543877410444975,-0.839164681339526,0.0,0.0,1.0,0.09130299181502917,0.0
-0.5598495873617363,-0.8285942550675172,0.0,0.0,1.0,0.1680513838309953,0.0
0.2710999519131381,-0.962551201792764,0.0,0.0,1.0,0.11374272056444201,0.0
0.9335211332934232,-0.3585223754447729,0.0,0.0,1.0,0.12589563348330154,0.0
-0.1763957247770647,-0.9843193324731431,0.0,0.0,0.0,0.0,0.0
0.5469203095858497,-0.8371846719586535,0.0,0.0,0.0,0.1003873190931924,0.0
-0.08129637902209338,-0.9966899712337313,1.0,0.0,0.0,0.1369136111913606,0.0
-0.999695662586944,0.02466945894929615,0.0,0.0,1.0,0.14326449376991698,0.0
0.4906269917498176,-0.8713697005097919,0.0,0.0,1.0,0.16811778556671822,0.0
0.8959519314636376,-0.4441510289378796,0.0,1.0,1.0,0.10948711241132858,0.0
0.34415366755477494,-0.9389133363141656,0.0,0.0,1.0,0.11171720936879254,0.0
0.30485128754162466,-0.9523999645549204,0.0,0.0,0.0,0.05339412852950688,0.0
-0.8097726061627663,-0.5867438336347144,0.0,0.0,1.0,0.1097739230413401,0.0
-0.5537007134672449,-0.8327157497645064,0.0,0.0,0.0,0.05692124688011006,0.0
-0.9776372105378652,-0.21029856055556295,0.0,0.0,1.0,0.027606494009729143,0.0
-0.8145322733853778,-0.5801182427864582,0.0,0.0,0.0,0.06574103149447108,0.0
-0.0740290866516953,-0.9972560826234733,0.0,0.0,0.0,0.19543424539019857,0.0
-0.9940258504922982,-0.10914489705461873,0.0,0.0,1.0,0.10647193992433616,0.0
0.6748213767254136,-0.737981103765142,0.0,0.0,0.0,0.13099386815116829,0.0
0.9430552613833842,-0.33263609842757114,0.0,0.0,1.0,0.09432518744009719,0.0
0.8428345911495003,-0.5381726971538546,0.0,0.0,0.0,0.03047244902740512,0.0
-0.9125494100408811,-0.40896647079441584,0.0,0.0,0.0,0.16680565624648536,0.0
-0.2599325493174437,-0.9656267756257252,0.0,0.0,0.0,0.011390093007220548,0.0
0.6890126600724933,-0.7247493044217613,1.0,0.0,0.0,0.09226036616041708,0.0
-0.38596611789476415,-0.9225129570023638,0.0,0.0,1.0,0.11726925595749695,0.0
0.7107889156000504,-0.7034053720722527,0.0,0.0,0.0,0.13152448217149276,0.0
-0.8727727994715258,-0.4881266644044719,0.0,0.0,0.0,0.0836765197735565,0.0
-0.2079197783984513,-0.9781458816305157,0.0,0.0,1.0,0.02810192584725127,0.0
0.012232025447253787,-0.9999251859781599,0.0,0.0,1.0,0.07994533538322808,0.0
0.2790772966361183,-0.9602686407991651,0.0,0.0,0.0,0.08256210061901686,0.0
-0.7420355801115577,-0.6703604984249176,0.0,0.0,1.0,0.08134532524224597,0.0
0.0775289013760533,-0.9969901049917307,0.0,0.0,1.0,0.16850292951038018,0.0
0.8471985743906694,-0.5312763645697195,0.0,0.0,0.0,0.05931986109304288,0.0
0.7878909185518633,-0.615814826440141,0.0,0.0,0.0,0.13504896372190794,0.0
-0.9234110084326733,0.38381259685600894,0.0,0.0,1.0,0.1279148518608958,0.0
-0.9775145064968344,0.21086818059690843,0.0,0.0,1.0,0.1680227538735835,0.0
-0.878341073707048,-0.47803447390240617,0.0,0.0,1.0,0.11334340641315344,0.0
0.393225638117164,-0.9194420033516791,0.0,0.0,0.0,0.15955654835987793,0.0
-0.9136207358166052,0.40656752340284735,0.0,0.0,1.0,0.1113889930952951,0.0
-0.9738033161854329,-0.22739195541235363,0.0,0.0,1.0,0.14171962632924,0.0
-0.9047793893413937,-0.4258805661485561,0.0,0.0,0.0,0.04485294563763796,0.0
-0.21857743966120755,-0.9758196057013566,0.0,0.0,0.0,0.0,0.0
0.37319659927491244,-0.9277522828264236,0.0,0.0,0.0,0.13887734267829266,0.0
0.8310209971460177,-0.5562410469413763,0.0,0.0,1.0,0.14155915630196148,0.0
-0.9816023070840731,0.1909369286629093,0.0,0.0,0.0,0.14377511665759413,0.0
-0.23982778833577212,-0.9708154469011976,0.0,0.0,1.0,0.09375337426226604,0.0
0.5812590151782531,-0.8137185983336054,0.0,0.0,1.0,0.19448611261051862,0.0
0.2645204243658257,-0.9643800833143141,0.0,0.0,0.0,0.0970061092131489,0.0
-0.6149435128000497,-0.7885711610660988,0.0,0.0,0.0,0.14104395098361847,0.0
0.6498369181118921,-0.7600736673894433,0.0,0.0,1.0,0.14973181125020393,0.0
-0.9993663523532935,0.03559345142119145,0.0,0.0,0.0,0.2059370079874555,0.0
-0.9558510301505236,-0.2938516771437295,0.0,0.0,1.0,0.10414851901050831,0.0
-0.9084737245624392,-0.41794197178513814,0.0,0.0,1.0,0.08734035468854234,0.0
-0.1608828338358355,-0.9869735121962245,0.0,0.0,1.0,0.04509273077923383,0.0
-0.7352130774447713,-0.6778360648078477,0.0,0.0,1.0,0.19761835033312364,0.0
-0.6279508864470084,-0.7782529692911017,0.0,0.0,0.0,0.141070545352427,0.0
-0.784993610368529,-0.6195038592943405,0.0,0.0,0.0,0.14265305529471511,0.0
0.8529442164462736,-0.5220020724392311,0.0,0.0,0.0,0.275835212066196,0.0
-0.10595938125047523,-0.9943704588959873,0.0,0.0,1.0,0.13625223705931497,0.0
0.9197203698599319,-0.392574122000814,0.0,0.0,1.0,0.05488392974499838,0.0
-0.36370990745826487,-0.9315122668095683,0.0,0.0,1.0,0.11020482125035119,0.0
0.1852732451073194,-0.9826870430851335,0.0,0.0,0.0,0.07126087955756732,0.0
0.7291810585372837,-0.6843208194045002,0.0,0.0,1.0,0.10020658027086138,0.0
0.817511154810239,-0.5759127640197164,0.0,0.0,1.0,0.09987051986226964,0.0
-0.6372988016980672,-0.7706167902104182,0.0,0.0,0.0,0.09064878044664752,0.0
0.6656781353201388,-0.7462389832732561,0.0,0.0,0.0,0.05033587473223014,0.0
-0.9641027126067729,0.2655295831809745,0.0,0.0,1.0,0.1996250816836148,0.0
-0.6198738407407182,-0.7847014856398264,0.0,0.0,1.0,0.1349424022219197,0.0
0.1281099662546513,-0.9917599692194842,0.0,0.0,0.0,0.10872639826498809,0.0
-0.6458378120701844,-0.7634746364486493,0.0,0.0,1.0,0.15788189147578716,0.0
0.9429512917834906,-0.33293071550075753,0.0,0.0,1.0,0.14355336374246955,0.0
-0.9277122119594196,0.3732961984555442,0.0,0.0,0.0,0.13378453663710238,0.0
-0.32637946144718305,-0.945238830743557,0.0,0.0,1.0,0.15424990363834135,0.0
-0.9767971754842975,-0.21416647255324223,0.0,0.0,1.0,0.12669673718793284,0.0
0.8559753063123782,-0.5170167066772894,0.0,0.0,1.0,0.15351107284957957,0.0
-0.34035287401503167,-0.940297783231306,0.0,0.0,1.0,0.15765561504388875,0.0
-0.35327669485015645,-0.9355188810899272,0.0,0.0,1.0,0.12813593675164014,0.0
-0.9517222152962685,0.30696062436664917,0.0,0.0,1.0,0.10898027532519422,0.0
-0.5946399641303173,-0.8039921100726642,0.0,0.0,1.0,0.19651989007269544,0.0
-0.29788196251532273,-0.9546027112930383,1.0,0.0,1.0,0.09610492301132831,0.0
0.3897628765869477,-0.9209152512770477,0.0,0.0,0.0,0.1395656800213673,0.0
0.17955851331786982,-0.9837472949365993,0.0,0.0,0.0,0.14069542053695333,0.0
-0.4466838039984117,-0.8946918906782986,0.0,0.0,1.0,0.08952210738681822,0.0
-0.18374093057879926,-0.9829747048780232,0.0,0.0,1.0,0.07960888073442532,0.0
0.9442939423741014,-0.3291032518763333,0.0,0.0,0.0,0.10230739895650745,0.0
-0.9977161313487694,-0.067546437703592,1.0,0.0,0.0,0.09538915734121961,0.0
-0.9855520670768908,0.16937273417072668,0.0,0.0,0.0,0.047093471918056726,0.0
0.7390602845832543,-0.6736392920188958,0.0,0.0,1.0,0.08742524587403622,0.0
-0.5451812133995091,-0.8383182239199138,0.0,0.0,1.0,0.1333111492317281,0.0
0.8072460637667456,-0.5902150392298517,0.0,0.0,1.0,0.18329717920742994,0.0
-0.8298839444917304,-0.5579360524960244,0.0,0.0,0.0,0.14771956675868167,0.0
0.3446332918467961,-0.9387373936042183,1.0,0.0,1.0,0.0,0.0
-0.804763420872525,-0.5935956843050253,0.0,0.0,1.0,0.15206518573786637,0.0
-0.9188872910823037,-0.39452014687139314,0.0,0.0,1.0,0.09209241070521411,0.0
-0.9654101361956902,-0.26073601387345596,0.0,0.0,1.0,0.14265400373438814,0.0
0.8089196842128117,-0.5879191649308985,0.0,0.0,1.0,0.11929323703946859,0.0
-0.971869367380418,0.23552055695328625,0.0,0.0,1.0,0.11036561869565861,0.0
0.5016356335987476,-0.8650790085905351,0.0,0.0,1.0,0.11488821360189293,0.0
0.925239859257904,-0.37938266017362204,0.0,0.0,0.0,0.118878784586511,0.0
-0.5475081864902467,-0.8368003260791438,0.0,0.0,0.0,0.1872202486045122,0.0
0.04658612292676619,-0.9989142771783034,0.0,0.0,1.0,0.11901699064574563,0.0
-0.998449520199035,-0.05566467115071028,0.0,0.0,0.0,0.17427680665906,0.0
-0.9916914645034814,-0.12863918233159052,1.0,0.0,0.0,0.16699529329228285,0.0
0.22763570891957435,-0.9737463653460704,0.0,0.0,1.0,0.15335227737918264,0.0
-0.9347303081298128,0.3553579196578362,0.0,0.0,1.0,0.030669058993516116,0.0
0.3135122257173401,-0.9495841638979452,0.0,0.0,1.0,0.17583163280808034,0.0
-0.4295048407608201,-0.9030645557007664,0.0,0.0,1.0,0.09710493529322059,0.0
0.42399089942696727,-0.9056664491981092,0.0,0.0,1.0,0.1557863640537386,0.0
-0.9535672762261002,0.3011800951436472,0.0,0.0,1.0,0.07137335833797931,0.0
0.6807397343361524,-0.7325253675443224,0.0,0.0,1.0,0.060746297834837204,0.0
0.915258254169362,-0.40286763108352547,0.0,0.0,1.0,0.21881943684155997,0.0
-0.17096492736276003,-0.9852771151365722,1.0,0.0,1.0,0.07215084665809428,0.0
-0.8787068683262724,0.4773617491549097,0.0,0.0,1.0,0.17730533195258735,0.0
-0.9880217106615228,0.1543149353156657,0.0,0.0,0.0,0.12592101607182604,0.0
-0.9453967038417874,-0.32592188077065887,0.0,0.0,1.0,0.09899399708199141,0.0
-0.9884819094100551,0.1513390721824725,0.0,0.0,1.0,0.11775855578348966,0.0
-0.9870745373377131,0.1602618411835445,0.0,0.0,1.0,0.054945275173434435,0.0
-0.4411515909555948,-0.897432601256132,0.0,0.0,0.0,0.11931228101953847,0.0
0.23164323009084814,-0.972800808980481,0.0,0.0,0.0,0.06586298430520202,0.0
-0.9683327670983062,-0.2496630772936551,0.0,0.0,1.0,0.10022781028430071,0.0
-0.8092625839055742,-0.5874470787147328,0.0,0.0,1.0,0.1662649781984788,0.0
0.03728455448911206,-0.9993046892697685,0.0,0.0,1.0,0.13270953382788286,0.0
0.8346460428489927,-0.5507866947889332,0.0,0.0,1.0,0.04589147505597392,0.0
-0.9433615612073178,-0.33176643114771553,0.0,1.0,0.0,0.16257440634569348,0.0
0.40386783659332365,-0.9148173427331975,0.0,1.0,1.0,0.11964501190454287,0.0
-0.9527751602187823,0.3036766274675642,0.0,0.0,0.0,0.09289073657953306,0.0
0.46963702885595837,-0.8828595930992356,0.0,0.0,1.0,0.15733381519544654,0.0
0.7778287252028053,-0.6284763116055996,0.0,0.0,1.0,0.11163965815114987,0.0
-0.9986900262512209,-0.051168657069887304,0.0,0.0,0.0,0.061716933004714356,0.0
0.7084575835346727,-0.7057533934259277,0.0,0.0,1.0,0.21239048557248022,0.0
0.6433580615881771,-0.7655654149643277,0.0,0.0,0.0,0.11913562785545061,0.0
-0.6675680794046627,-0.7445487622446028,0.0,0.0,1.0,0.11593073977588914,0.0
-0.9953297202304742,0.09653366265674353,0.0,0.0,0.0,0.09974474141347049,0.0
0.5975585378571092,-0.8018252888466875,0.0,0.0,1.0,0.17899828697287945,0.0
0.2501583680282841,-0.9682049322872847,0.0,0.0,1.0,0.09375607459289799,0.0
-0.9727513754879259,-0.2318507310455333,0.0,0.0,0.0,0.042751007059419754,0.0
-0.9099167310841942,0.4147909624052265,0.0,0.0,1.0,0.08606611690520106,0.0
-0.3850127420884128,-0.9229112570716436,0.0,0.0,1.0,0.18633873002273962,0.0
0.7306389588432621,-0.6827640235252834,0.0,0.0,0.0,0.16160660807285587,0.0
0.9525681709853652,-0.3043252858794289,0.0,0.0,1.0,0.10724921736700693,0.0
0.5032774783018876,-0.8641248635666567,0.0,0.0,0.0,0.1886627570820237,0.0
0.7580736426829694,-0.6521689599094499,0.0,0.0,1.0,0.15739711144109414,0.0
-0.8400314551349551,-0.542537698583103,1.0,0.0,1.0,0.10667053181826966,0.0
0.7798043088646045,-0.6260233540980692,0.0,0.0,1.0,0.11170450724494602,0.0
-0.4024964499350951,-0.9154215464962825,0.0,0.0,1.0,0.1364658865972717,0.0
-0.8693325934825213,-0.49422752038808326,0.0,0.0,0.0,0.0784056525168092,0.0
-0.620021969190758,-0.7845844490689416,0.0,0.0,1.0,0.12022525327546754,0.0
0.5884028020605101,-0.8085679578905784,0.0,0.0,1.0,0.13542566823066451,0.0
-0.9897868890234459,-0.14255495192131595,0.0,0.0,1.0,0.035651688069573,0.0
-0.9026182695075499,-0.43044193516802703,0.0,0.0,1.0,0.1105339838716051,0.0
-0.9342161839266443,-0.3567073333834593,0.0,0.0,1.0,0.10484719073171558,0.0
0.7597678740100293,-0.650194415249993,0.0,0.0,0.0,0.17140340099801613,0.0
0.7756941415239568,-0.6311090229155434,0.0,0.0,0.0,0.027775150309448285,0.0
-0.9618621996822725,0.27353447465060093,0.0,0.0,0.0,0.10092469901481445,0.0
-0.044103211692078106,-0.9990269799752376,0.0,0.0,1.0,0.09591226763177065,0.0
0.28091806121041785,-0.9597317556931103,0.0,0.0,1.0,0.16800354819608004,0.0
-0.34650819551540546,-0.9380469446891544,0.0,0.0,1.0,0.11782267153175537,0.0
-0.811660867295408,-0.5841289553696736,0.0,0.0,0.0,0.20980473228261848,0.0
-0.9313958908919246,0.3640078219346914,0.0,0.0,1.0,0.1531106690953193,0.0
0.3279267481377062,-0.9447031533004584,0.0,0.0,1.0,0.09948885029052404,0.0
-0.9643838439068652,0.26450671373600176,0.0,0.0,1.0,0.13198293482794793,0.0
0.9405990238527276,-0.33951947856830805,0.0,0.0,0.0,0.10229655953152708,0.0
-0.5484919853390126,-0.8361558120463365,0.0,0.0,0.0,0.162969804524521,0.0
-0.7504012432304459,-0.6609825823410184,0.0,0.0,0.0,0.05339011433544939,0.0
0.8125925171480431,-0.5828322237788567,0.0,0.0,1.0,0.07881520117143331,0.0
0.7388527454288347,-0.6738669160689472,0.0,0.0,0.0,0.14278449592774606,0.0
-0.11714381066683928,-0.993114961936659,0.0,0.0,1.0,0.18128782243618105,0.0
-0.9176490754005744,0.3973917140762636,1.0,0.0,1.0,0.009901570193040055,0.0
-0.6590609908614322,-0.7520894962201953,0.0,0.0,1.0,0.1887235607995208,0.0
-0.9566128016703931,0.29136222761422126,0.0,0.0,1.0,0.11299324357859969,0.0
-0.9899012578374141,-0.14175859667725746,0.0,0.0,1.0,0.02580625190314184,0.0
-0.27797548308158165,-0.960588169199247,0.0,0.0,1.0,0.0,0.0
-0.9782522478116633,-0.2074187543387242,0.0,0.0,1.0,0.04353069670958601,0.0
0.9484444652448693,-0.31694336457224354,0.0,0.0,0.0,0.1190147572077299,0.0
0.8061030808581116,-0.591775145668573,0.0,0.0,0.0,0.11670509810955576,0.0
-0.9983803508149464,-0.05689178417508576,0.0,0.0,0.0,0.1516600217354655,0.0
-0.9859358159756785,-0.16712440508906273,0.0,0.0,1.0,0.09252564112195182,0.0
0.4944737577869244,-0.8691925579870539,0.0,0.0,1.0,0.06459797267769145,0.0
-0.4771598364955575,-0.8788165283126694,0.0,0.0,0.0,0.09934568061695534,0.0
-0.684204593950399,-0.7292901162206777,0.0,0.0,1.0,0.12168051434557886,0.0
-0.9973028377333916,0.07339652477416335,0.0,0.0,1.0,0.13153863974776386,0.0
-0.6769517097870985,-0.7360274333313426,0.0,0.0,1.0,0.08054176503637969,0.0
-0.09500236631665483,-0.9954770466435859,1.0,0.0,0.0,0.165072335016768,0.0
0.035494486414996994,-0.9993698721865372,0.0,0.0,1.0,0.08893016141379832,0.0
-0.13998549389723058,-0.9901535545047285,0.0,0.0,0.0,0.0765141318837548,0.0
-0.7893686504747709,-0.6139194846619864,0.0,0.0,1.0,0.0928804245265855,0.0
-0.9973645116941917,0.07255364093556198,0.0,0.0,1.0,0.17374200878513035,0.0
-0.23361323815113352,-0.9723296020180306,0.0,0.0,1.0,0.11336017735296702,0.0
0.4488712136120857,-0.8935964601487706,0.0,0.0,1.0,0.0852743248465114,0.0
0.4825310415212637,-0.8758788694610713,0.0,0.0,1.0,0.16630538752242718,0.0
-0.942482827330991,-0.33425457391961216,0.0,0.0,1.0,0.22713742699743733,0.0
-0.994935080044242,-0.10051958265610625,0.0,0.0,1.0,0.13048413171544737,0.0
0.8138192060731843,-0.5811181461857924,0.0,0.0,1.0,0.18169212304327167,0.0
0.8831197913218426,-0.4691475611954785,0.0,0.0,0.0,0.17180389752873948,0.0
-0.6549329284735933,-0.7556870114015479,0.0,0.0,1.0,0.08971801241708335,0.0
0.7253289248605994,-0.688402462779272,0.0,0.0,1.0,0.12133170902381162,0.0
-0.9973266287267583,-0.07307253678721451,0.0,0.0,1.0,0.05587276851480062,0.0
0.25012211748818564,-0.9682142977374515,0.0,0.0,1.0,0.10975288668191824,0.0
0.7306983724587662,-0.6827004383227756,0.0,0.0,1.0,0.08869048154371378,0.0
-0.9677564820079384,0.2518876565685958,0.0,0.0,0.0,0.09985570214121825,0.0
0.6784330116377701,-0.7346622684745047,0.0,0.0,1.0,0.08250524843098317,0.0
0.33347094906169983,-0.9427603757752493,0.0,0.0,0.0,0.10564515959022164,0.0
0.707666707299068,-0.7065464113421673,0.0,0.0,1.0,0.14661163431324573,0.0
0.7931348157840606,-0.6090461099056328,0.0,0.0,1.0,0.1140254044780002,0.0
0.9448125468418072,-0.3276114334547834,0.0,0.0,0.0,0.02678134011223071,0.0
0.9003027823784404,-0.43526417270622975,0.0,0.0,1.0,0.08269397175507569,0.0
0.6553331129175404,-0.7553399970303482,0.0,0.0,1.0,0.04403003237208737,0.0
0.9032643335850101,-0.42908454140556906,0.0,0.0,1.0,0.13220301129908837,0.0
-0.6464308965326309,-0.7629725394848881,0.0,0.0,0.0,0.14516586820270938,0.0
-0.8456284592005571,-0.5337719634732531,0.0,0.0,0.0,0.13282741109270824,0.0
-0.030677011413873394,-0.999529349729518,0.0,0.0,1.0,0.08062978033503063,0.0
0.22481051630797702,-0.974402499872276,0.0,0.0,0.0,0.1323426964565608,0.0
-0.3968694217431952,-0.9178750797822228,0.0,0.0,1.0,0.09649428721155624,0.0
-0.9951830778476398,0.09803387968298778,0.0,0.0,1.0,0.06308872751248737,0.0
-0.9998564989467953,0.01694052873605532,1.0,0.0,0.0,0.1570964959854465,0.0
0.917215638829293,-0.39839110417650125,0.0,0.0,1.0,0.16090138768618859,0.0
0.6375290143822676,-0.7704263467851904,1.0,0.0,1.0,0.1674447740541753,0.0
0.4822850692021289,-0.8760143332301691,0.0,0.0,0.0,0.08958256999837719,0.0
0.44415709750779775,-0.8959489230605998,0.0,0.0,1.0,0.17896811563465392,0.0
-0.593283554643814,-0.8049935551227727,0.0,0.0,0.0,0.09532088743359661,0.0
-0.10749915900722302,-0.9942051754103576,0.0,0.0,1.0,0.15267506607692566,0.0
0.909203023685349,-0.41635304937206674,0.0,0.0,1.0,0.09445436691166623,0.0
0.03743280619381508,-0.9992991469127032,0.0,0.0,1.0,0.10880089181271145,0.0
-0.456039306556657,-0.8899596344078328,0.0,0.0,0.0,0.0,0.0
0.8208899330204783,-0.5710864364223989,0.0,0.0,1.0,0.10490433927915421,0.0
-0.9990667203173712,-0.043193614739814326,0.0,0.0,1.0,0.12455449833925136,0.0
0.9053275597315922,-0.42471403272136005,0.0,0.0,0.0,0.09949751913180806,0.0
-0.9643537345677552,0.26461646703337166,0.0,0.0,0.0,0.20780940340425696,0.0
0.8258320311867288,-0.5639161784042038,0.0,0.0,0.0,0.06187669573373617,0.0
-0.9999614824774923,-0.00877687651820727,0.0,0.0,1.0,0.0918209381448037,0.0
-0.9815693151077266,0.19110646153112795,0.0,0.0,1.0,0.07475636950070733,0.0
-0.8986694306354415,0.438626554646856,0.0,0.0,1.0,0.09181115105022644,0.0
-0.988743449691429,-0.14962082305712834,0.0,0.0,0.0,0.17157065314703523,0.0
-0.974362684892611,-0.22498301777881477,0.0,0.0,0.0,0.1939015897163482,0.0
-0.7692238108125141,-0.6389794432366924,0.0,0.0,0.0,0.08496036945405291,0.0
-0.9739929315904217,-0.22657839528934828,0.0,0.0,1.0,0.08384962286383982,0.0
0.7519815582736891,-0.6591841442391302,0.0,0.0,1.0,0.062143567570304245,0.0
-0.4929288219985704,-0.8700696388468578,0.0,0.0,1.0,0.18531426932596518,0.0
-0.42693903219195656,-0.904280411593105,0.0,0.0,1.0,0.17605022034581513,0.0
-0.9992450085200447,0.0388511640465989,0.0,0.0,1.0,0.11470091000056065,0.0
-0.26296177581015895,-0.9648062522925356,0.0,0.0,1.0,0.050195040184655995,0.0
-0.0016135865544675942,-0.9999986981683683,0.0,0.0,0.0,0.054666871727187386,0.0
-0.7628358033049574,-0.6465922495638812,0.0,0.0,0.0,0.12853147251922967,0.0
0.3913680950394835,-0.9202342170258427,0.0,0.0,0.0,0.14746689592232493,0.0
0.7401613257789719,-0.6724293359313785,0.0,0.0,0.0,0.016692759748942576,0.0
-0.3121039219758058,-0.9500479682033535,1.0,0.0,0.0,0.10393450447310586,0.0
-0.10962028052850509,-0.9939735379258604,0.0,0.0,0.0,0.2009147944778692,0.0
0.4946831884567191,-0.8690733818604124,0.0,0.0,1.0,0.10912453966848572,0.0
0.05817730144849041,-0.998306266431385,0.0,0.0,1.0,0.19448190453953118,0.0
0.06198003949380701,-0.9980773891359057,0.0,0.0,1.0,0.15245230644778418,0.0
0.19317899150054588,-0.9811635323649326,0.0,0.0,1.0,0.0657860199582321,0.0
0.017531011949630883,-0.99984632000124,0.0,0.0,1.0,0.1053664353324072,0.0
-0.8546396927691802,-0.5192215283897629,0.0,0.0,0.0,0.11356528807276485,0.0
0.29419191611011264,-0.9557463661952686,0.0,0.0,0.0,0.07237442159532467,0.0
-0.9395295757601182,0.3424677740635056,0.0,0.0,0.0,0.07150659885945293,0.0
-0.9715992644236753,0.236632350644144,0.0,0.0,0.0,0.19533842960592804,0.0
-0.3218944759679737,-0.9467755522515902,0.0,0.0,0.0,0.0711319690153524,0.0
0.19028753741024027,-0.9817284008860834,0.0,0.0,1.0,0.173921803820434,0.0
-0.491052517809476,-0.8711299700693199,0.0,0.0,0.0,0.09817577608174917,0.0
-0.9999664560083616,0.008190656754951628,0.0,1.0,0.0,0.11871803350584137,0.0
-0.790737990317704,-0.6121547440544088,0.0,0.0,0.0,0.14809222091192864,0.0
-0.9899161663262186,-0.14165445155731,0.0,0.0,1.0,0.09007206635476606,0.0
-0.4829896550245036,-0.8756260578233788,0.0,0.0,1.0,0.14839521567472666,0.0
-0.7480174940864667,-0.6636790101702801,0.0,0.0,0.0,0.017678515022580887,0.0
0.32242521585108475,-0.9465949398678304,0.0,0.0,1.0,0.14198536942073184,0.0
-0.9291594577158798,-0.3696791881309146,0.0,0.0,1.0,0.0,0.0
0.5811448315778399,-0.8138001503627067,0.0,0.0,1.0,0.10865766366507712,0.0
-0.8702322108801754,-0.4926417553827546,0.0,0.0,1.0,0.16271214926592456,0.0
-0.9987716015637819,0.04955086184637033,0.0,0.0,1.0,0.15111476530291879,0.0
0.7574504377158183,-0.6528926668328533,0.0,0.0,0.0,0.05507947605190294,0.0
-0.7046843574431824,-0.7095209344162363,0.0,0.0,0.0,0.061516780195324146,0.0
0.8334648929202335,-0.5525724135979497,0.0,0.0,0.0,0.08556639798386825,0.0
-0.9171612880098655,-0.39851621268912574,0.0,0.0,1.0,0.12931079311790672,0.0
0.852857334101284,-0.5221440104699574,0.0,0.0,1.0,0.01840334049781482,0.0
-0.9536735613341936,0.3008433785413203,0.0,0.0,1.0,0.11933882120757208,0.0
0.7455394395458037,-0.6664615098276336,0.0,0.0,1.0,0.13557146869000322,0.0
-0.9273037948647279,0.37430959382505097,0.0,0.0,1.0,0.10584814095645081,0.0
-0.9881546102509727,-0.15346161161589605,0.0,0.0,0.0,0.1462660484026526,0.0
-0.6529975956335594,-0.7573599805223342,0.0,0.0,0.0,0.1311862079163102,0.0
-0.9767161091889888,-0.21453587590592693,0.0,0.0,1.0,0.09291728703005522,0.0
-0.9849510534106526,-0.17283351059689175,0.0,0.0,1.0,0.023190531987025476,0.0
-0.9427854387902517,0.33340008459067993,0.0,0.0,1.0,0.12667065407854114,0.0
0.4319322151209316,-0.9019060713515157,0.0,0.0,1.0,0.0723462317385011,0.0
-0.6436535688495332,-0.7653169822415149,0.0,0.0,1.0,0.09108286875692273,0.0
0.8335524265982723,-0.5524403606835148,0.0,0.0,1.0,0.1439562108981543,0.0
-0.7089840087913696,-0.7052245566329346,0.0,0.0,1.0,0.19086666917171757,0.0
0.6639026634564313,-0.7478189977898773,0.0,0.0,1.0,0.11809699382789955,0.0
-0.5759383115059697,-0.8174931567540199,0.0,0.0,0.0,0.14770324182229352,0.0
-0.5965604089882556,-0.8025681768097743,0.0,0.0,1.0,0.047776032942355454,0.0
-0.27340700999359174,-0.9618984389665907,1.0,0.0,1.0,0.13227617904975172,0.0
-0.45264009395540095,-0.8916933022873088,0.0,0.0,1.0,0.11700470311614188,0.0
-0.9610934336486833,-0.2762234816183884,0.0,0.0,1.0,0.1814613790313091,0.0
-0.9872829590833334,-0.15897282378965588,0.0,0.0,1.0,0.09297707619856216,0.0
-0.3578770749096999,-0.9337687075791719,0.0,0.0,0.0,0.10791811914188146,0.0
-0.6681016930788943,-0.7440699750057885,0.0,0.0,0.0,0.17294072335663974,0.0
-0.9583671097508131,0.28553893420665594,0.0,0.0,1.0,0.11539831038026752,0.0
0.7842563315236818,-0.6204369480172961,1.0,0.0,1.0,0.06455793093563655,0.0
0.7897783699974809,-0.6133923102583878,0.0,0.0,1.0,0.24758166366450615,0.0
0.8470917094703305,-0.5314467383911893,0.0,0.0,1.0,0.06607036183316332,0.0
-0.8016018438625727,-0.5978582473430668,0.0,0.0,1.0,0.1167649959225238,0.0
-0.1154333156407529,-0.9933152317568589,0.0,0.0,0.0,0.13733440780128064,0.0
-0.9702647946011974,-0.24204592200137587,0.0,0.0,1.0,0.13338087545155572,0.0
-0.8279637013103414,-0.560781694879995,0.0,0.0,1.0,0.11051281479968006,0.0
0.1726277473895907,-0.9849871373937812,0.0,0.0,1.0,0.1107619814736846,0.0
-0.9842528066069982,0.1767665485499083,0.0,0.0,1.0,0.10825340668560222,0.0
-0.9597747618094157,-0.28077109287403385,0.0,0.0,0.0,0.0642033070704314,0.0
0.3785789375324586,-0.9255690077227061,0.0,0.0,1.0,0.22751096072113644,0.0
0.06945276622415988,-0.9975852411016375,0.0,1.0,1.0,0.10900045411433115,0.0
0.23657028617448927,-0.9716143780838776,0.0,0.0,1.0,0.1498465496411548,0.0
0.6979870687651938,-0.7161103628886909,0.0,0.0,0.0,0.10326735711591972,0.0
0.7215456779285669,-0.6923668353283574,0.0,0.0,1.0,0.10226181638222581,0.0
-0.9534812438513657,0.30145234718550873,0.0,0.0,1.0,0.09722781686651748,0.0
-0.18036957527763886,-0.9835989102851651,0.0,0.0,1.0,0.04250771060053746,0.0
0.0044092905609094705,-0.9999902790311261,0.0,0.0,1.0,0.11196894299396153,0.0
-0.9224620511691197,-0.3860877674219431,0.0,0.0,0.0,0.09964961728402849,0.0
-0.5422017509912953,-0.8402483330670601,0.0,0.0,1.0,0.17857622545923885,0.0
-0.9534683944069824,0.30149298643081424,0.0,0.0,1.0,0.06016499412077422,0.0
-0.9749897583794558,-0.22224979427475366,0.0,0.0,1.0,0.09114264112225724,0.0
-0.3169250253902431,-0.9484505934846548,0.0,0.0,1.0,0.07507797666229588,0.0
0.02809440513807542,-0.9996052742957781,0.0,0.0,1.0,0.19212651970059044,0.0
-0.8878703878813887,0.46009365820814385,0.0,0.0,0.0,0.07652957775726643,0.0
-0.9060365002882176,-0.4231995512113389,0.0,0.0,1.0,0.14811499223630684,0.0
-0.9367763088705936,0.3499287743795676,0.0,0.0,1.0,0.168508073670299,0.0
0.7868992389962979,-0.6170815081227496,0.0,0.0,1.0,0.11269385442922958,0.0
-0.9998889033327463,0.014905736883427301,0.0,0.0,0.0,0.05115944995297657,0.0
-0.7573303276970624,-0.6530319860085415,1.0,0.0,1.0,0.05179230706181548,0.0
0.7796142791964528,-0.6262599904775934,0.0,0.0,1.0,0.16298820323980398,0.0
-0.6389062554999219,-0.7692846005758003,0.0,0.0,1.0,0.056970299060007126,0.0
-0.8552629018882489,-0.5181943348336524,0.0,0.0,1.0,0.13960133055299562,0.0
0.9542454236760687,-0.299024533095999,0.0,0.0,0.0,0.1257174554910298,0.0
-0.23500644286815478,-0.9719938126400068,0.0,0.0,1.0,0.13885662421555137,0.0
-0.9975063756603703,-0.07057641615236833,0.0,0.0,1.0,0.14357924039229436,0.0
0.29912389871777056,-0.9542142805554111,0.0,0.0,1.0,0.0733164607791049,0.0
-0.24897516373355444,-0.9685098697710054,0.0,0.0,1.0,0.07122359104926293,0.0
-0.19511180117841553,-0.9807810076877073,0.0,0.0,1.0,0.15574635670502013,0.0
0.27771973954737983,-0.9606621394984479,0.0,0.0,1.0,0.08853276947178017,0.0
-0.9698882994255729,0.24355017273114452,0.0,0.0,1.0,0.0,0.0
-0.9757349557479822,-0.21895500937745896,0.0,0.0,0.0,0.15243776489419325,0.0
0.8031842402792321,-0.5957307077590283,0.0,0.0,0.0,0.06818693559656158,0.0
-0.8710273258386766,0.4912345647878658,0.0,0.0,1.0,0.14335679389526265,0.0
-0.9936820148574385,0.11223214044497924,0.0,0.0,0.0,0.18964109246584848,0.0
0.33607390225853967,-0.9418356184710353,0.0,0.0,0.0,0.12083812286309738,0.0
-0.9995037236612824,-0.03150089502269535,0.0,0.0,1.0,0.16978829158317654,0.0
0.8115555379493222,-0.5842752851385947,0.0,0.0,1.0,0.1276898840268101,0.0
-0.8675448579628058,0.4973589442468037,0.0,0.0,1.0,0.19937146640705738,0.0
-0.8172306415836997,-0.5763107481703724,1.0,0.0,1.0,0.0668946445621447,0.0
-0.7855802699997655,-0.6187597590237229,0.0,0.0,1.0,0.11958925097917551,0.0
0.8421142592371254,-0.5392991511114287,0.0,0.0,1.0,0.15365808025207336,0.0
-0.9850447026826932,0.17229896609313913,0.0,0.0,0.0,0.11047941214949772,0.0
0.9357219571879751,-0.35273845670171156,0.0,0.0,1.0,0.17761094983263348,0.0
0.4700651967853373,-0.8826316959928202,0.0,0.0,0.0,0.09839802302446096,0.0
0.7326704187265177,-0.6805836153795572,0.0,0.0,1.0,0.2234685575814444,0.0
-0.9722465281875226,-0.2339587323168532,0.0,0.0,1.0,0.22610987521361225,0.0
0.5927187281256241,-0.8054095289535271,0.0,0.0,0.0,0.134103599811365,0.0
-0.9760139255696346,0.21770810066268018,0.0,0.0,1.0,0.14763005901773085,0.0
-0.7983461752303942,-0.6021987915090836,0.0,0.0,1.0,0.17958357178123188,0.0
0.9268452693708701,-0.3754435332308165,0.0,0.0,1.0,0.06064013005163166,0.0
0.9609782307218089,-0.27662400488529876,0.0,0.0,0.0,0.05439999927111046,0.0
0.9057664245688574,-0.4237772812737233,0.0,0.0,1.0,0.18282094569288174,0.0
-0.6839795798861911,-0.7295011544190383,0.0,0.0,1.0,0.13369942364364995,0.0
-0.9884647046736333,-0.15145140347473438,1.0,0.0,1.0,0.10867473770101052,0.0
0.4768857160067188,-0.8789653086833172,0.0,0.0,1.0,0.12055616514405805,0.0
-0.9999386392520951,0.01107780351280217,0.0,0.0,1.0,0.0006979263817965264,0.0
0.8975646232657559,-0.4408829176343779,0.0,0.0,1.0,0.11047188427714993,0.0
-0.9881961887115589,-0.15319364417608533,0.0,0.0,1.0,0.0823476630403388,0.0
-0.9616450998853322,0.27429674053209135,0.0,0.0,1.0,0.16590358168075411,0.0
-0.9684142587297526,-0.24934679362065937,0.0,0.0,1.0,0.1697515389192003,0.0
-0.8757473909749769,-0.4827696212486044,0.0,0.0,0.0,0.14883401170649552,0.0
-0.9996131027537453,-0.027814471108224863,0.0,0.0,1.0,0.1397729324399571,0.0
0.9216634853294113,-0.3879902315915208,0.0,0.0,1.0,0.0451326625639866,0.0
0.5828676037903242,-0.8125671396578412,0.0,0.0,1.0,0.1495321539998437,0.0
0.7731752104593168,-0.6341924738840655,0.0,0.0,0.0,0.1514698972761692,0.0
-0.39688427006787835,-0.9178686595437756,0.0,0.0,1.0,0.1822596326884365,0.0
-0.9415392731623384,-0.33690324589254905,0.0,0.0,1.0,0.22591049062150986,0.0
-0.7414175524823128,-0.6710439723826874,0.0,0.0,1.0,0.03537196632141956,0.0
-0.999856529332984,0.016938735200707083,0.0,0.0,1.0,0.10057615871908933,0.0
0.7038097608837561,-0.7103884996850315,0.0,0.0,1.0,0.08288666814211776,0.0
-0.9288167504957884,-0.3705393960140331,0.0,0.0,1.0,0.1286253594192537,0.0
0.6067782086875608,-0.7948711879681606,0.0,0.0,1.0,0.12067009291090193,0.0
0.3778738083836235,-0.925857108271928,0.0,0.0,1.0,0.10829589634599271,0.0
-0.8943996141460151,-0.4472687449570553,0.0,0.0,0.0,0.17138021807005868,0.0
-0.8977207362203383,0.4405649552109356,0.0,0.0,0.0,0.06492928944096081,0.0
-0.6978030011369685,-0.7162897260216985,0.0,0.0,1.0,0.06794392663036969,0.0
0.9016245725880663,-0.43251951413246886,0.0,0.0,0.0,0.06878873644509789,0.0
-0.7093277945618846,-0.7048787696206866,0.0,0.0,0.0,0.10198362062870064,0.0
0.9187336203091463,-0.39487787341613534,0.0,0.0,0.0,0.05857048920440768,0.0
-0.9916522384367782,0.12894121917884618,0.0,0.0,0.0,0.11757142556003647,0.0
-0.8939021876476474,-0.4482620650007651,0.0,0.0,1.0,0.11172549026845666,0.0
0.6592155022555916,-0.7519540688006869,0.0,0.0,1.0,0.080674244300046,0.0
0.8397563892642699,-0.5429633566732068,0.0,0.0,1.0,0.16368831270280979,0.0
0.6321783451227416,-0.7748229087719799,0.0,0.0,1.0,0.11702497358566315,0.0
-0.8979868763670202,0.44002223792963224,0.0,0.0,1.0,0.17313236820159017,0.0
-0.24901656618925944,-0.9684992254841044,0.0,0.0,1.0,0.11024750743977839,0.0
-0.9777678131228505,-0.20969049482739643,1.0,0.0,1.0,0.11879025558843226,0.0
-0.7558492034354336,-0.6547457381808762,0.0,0.0,0.0,0.09186087976591445,0.0
-0.5965129787713379,-0.8026034301928601,0.0,0.0,0.0,0.11964767297322577,0.0
0.7277679737976761,-0.6858234294003268,0.0,0.0,1.0,0.1556115653066023,0.0
-0.9427883994565558,0.33339171232972437,0.0,0.0,1.0,0.09943328838648509,0.0
0.27963106338773247,-0.9601075295968915,0.0,0.0,1.0,0.14592059812673322,0.0
-0.6117114776063288,-0.7910809491857845,0.0,0.0,0.0,0.07936265194771294,0.0
-0.8784530005395955,-0.4778287620507805,0.0,0.0,0.0,0.15795252827611048,0.0
-0.7836985013571939,-0.6211414162414937,0.0,0.0,1.0,0.09100470863440363,0.0
-0.9487883256468203,0.3159125086417178,0.0,0.0,1.0,0.1625839936614525,0.0
0.7199989889740859,-0.6939751118565378,0.0,0.0,1.0,0.12304882712168325,0.0
-0.4087889943811223,-0.9126289268223261,0.0,0.0,0.0,0.1960476866695532,0.0
-0.06604238804603325,-0.9978168183495291,0.0,1.0,0.0,0.062296613687289545,0.0
-0.300088225868674,-0.9539114511813933,0.0,0.0,1.0,0.04619116133440658,0.0
0.7853448334108446,-0.6190585534784998,0.0,0.0,1.0,0.08918913770122165,0.0
0.7530072508789436,-0.6580122188255592,0.0,0.0,1.0,0.05076945259828433,0.0
0.3547034166637138,-0.9349788693906873,0.0,0.0,1.0,0.05086325527858611,0.0
0.26862734609569666,-0.9632441792866349,0.0,0.0,0.0,0.15107753802299378,0.0
-0.14679308635882604,-0.9891672203410555,0.0,0.0,0.0,0.11979106032936708,0.0
-0.696446183665413,-0.7176090253458925,0.0,0.0,1.0,0.09601595116478705,0.0
-0.751870623236355,-0.6593106748067826,0.0,0.0,1.0,0.10065187013472839,0.0
-0.09242489278511803,-0.995719658937022,0.0,0.0,1.0,0.09013811678368303,0.0
-0.08215952833956922,-0.9966191910168194,0.0,0.0,1.0,0.20251845839095217,0.0
0.5382183634589892,-0.8428054302361414,0.0,0.0,1.0,0.08322471461784817,0.0
-0.6390325698450405,-0.7691796764587865,0.0,0.0,0.0,0.05389330509583502,0.0
0.22796041094695152,-0.9736704016456991,0.0,0.0,0.0,0.1598025308743164,0.0
0.9269766658880408,-0.3751189956521683,0.0,0.0,1.0,0.10921221883260895,0.0
-0.11472924575877992,-0.993396798951769,0.0,0.0,0.0,0.22193868444089426,0.0
-0.2999711717756961,-0.9539482669953941,1.0,0.0,0.0,0.09368971806029323,0.0
0.51517855654418,-0.8570828751509711,0.0,0.0,1.0,0.1622992089878396,0.0
-0.596635300372967,-0.802512503546742,0.0,1.0,1.0,0.17410986652996524,0.0
-0.5782210896028412,-0.8158801208134091,0.0,0.0,1.0,0.09393320838989981,0.0
-0.8820481430226091,-0.4711592866434523,0.0,0.0,0.0,0.08285396160454819,0.0
-0.7809752361405116,-0.6245619909466731,0.0,0.0,1.0,0.15706832654654523,0.0
-0.7904164455562471,-0.6125698675206187,0.0,0.0,1.0,0.14874459589569652,0.0
0.23069920571213062,-0.9730251160601108,0.0,0.0,1.0,0.04946949496445366,0.0
-0.9800958295433972,-0.19852497301760277,0.0,0.0,1.0,0.06357821818476395,0.0
-0.531149499178209,-0.8472781181658935,1.0,0.0,1.0,0.0,0.0
-0.1586155694927278,-0.9873404180496702,0.0,0.0,0.0,0.1497693426989401,0.0
-0.7322153047477026,-0.6810732321074063,0.0,0.0,1.0,0.10690864034321272,0.0
0.08144831501418225,-0.9966775667091893,0.0,0.0,1.0,0.1118924789512359,0.0
-0.4223675720902536,-0.9064246433358839,0.0,0.0,0.0,0.03542779511490733,0.0
-0.9314222182494657,-0.3639404502816974,0.0,0.0,1.0,0.06509488234553368,0.0
-0.9906324544399591,0.13655526430812723,0.0,0.0,1.0,0.09610205437162168,0.0
-0.9676820930662119,0.252173287163798,0.0,1.0,1.0,0.08638371999260894,0.0
-0.3940769850421705,-0.9190774340935985,0.0,0.0,1.0,0.12589180377588155,0.0
-0.4454736599640504,-0.8952950453779098,0.0,0.0,1.0,0.1491734063315907,0.0
-0.9876192502134932,-0.1568700628154959,0.0,0.0,0.0,0.23348062846425988,0.0
0.23653486526153844,-0.9716230017428086,0.0,0.0,1.0,0.11899914849845372,0.0
-0.9995544383117022,-0.029848364299864066,0.0,0.0,1.0,0.17577013315484727,0.0
-0.364188027437918,-0.9313254429418742,0.0,0.0,1.0,0.07850136115101125,0.0
0.7923741758812748,-0.610035380446471,0.0,0.0,0.0,0.036252684251232195,0.0
0.874183299954222,-0.48559608532312826,0.0,0.0,1.0,0.10238491766449376,0.0
-0.9998997450174991,-0.014159799219629753,1.0,0.0,0.0,0.04011391410628791,0.0
0.9000470786341019,-0.43579267575559216,0.0,0.0,1.0,0.12073365835845516,0.0
0.34662085060861547,-0.9380053229717622,0.0,0.0,1.0,0.08097729377456674,0.0
0.17097722963132328,-0.9852749803722806,0.0,0.0,1.0,0.022286430662270706,0.0
0.659556833996974,-0.75165469647165,0.0,0.0,1.0,0.20680125729300886,0.0
0.23837739865095883,-0.9711725983636492,0.0,0.0,1.0,0.093121914344731,0.0
-0.9386439022287779,-0.3448878438111909,0.0,0.0,0.0,0.0381190348527901,0.0
0.9517918605788364,-0.30674460734604103,0.0,0.0,1.0,0.16490858952536447,0.0
-0.9979142865256103,-0.06455289883562323,0.0,0.0,1.0,0.08356928187303572,0.0
-0.9993743536395435,0.0353680828932617,0.0,0.0,1.0,0.1745083016845331,0.0
0.04203247696370887,-0.9991162449286346,0.0,0.0,1.0,0.08333028326609752,0.0
0.7076679003226868,-0.7065452164248794,0.0,0.0,1.0,0.09295511548686014,0.0
-0.6712534372524042,-0.7412279156756258,0.0,0.0,1.0,0.13724158547385232,0.0
0.7843851905184683,-0.6202740304859669,0.0,0.0,1.0,0.1496609690352055,0.0
0.06698309910845027,-0.9977541102064313,0.0,0.0,1.0,0.15842418686702991,0.0
-0.9278773237252785,0.3728856019162105,0.0,0.0,1.0,0.11551294306353355,0.0
-0.8736400119311958,0.48657284095278075,0.0,0.0,1.0,0.14643083607772917,0.0
-0.9684112818969487,-0.24935835477222063,0.0,0.0,1.0,0.15728143034617104,0.0
0.2480559918476893,-0.9687456967173889,0.0,0.0,1.0,0.13002845692834247,0.0
-0.8580172600640322,-0.5136208537746603,0.0,0.0,0.0,0.11286709433678518,0.0
-0.8874475678481292,-0.460908683277328,0.0,0.0,1.0,0.04773525258844348,0.0
-0.010980178994721729,-0.9999397160175426,0.0,0.0,0.0,0.14995870783899945,0.0
-0.7657446365863221,-0.6431447360736785,0.0,0.0,1.0,0.12210868495705754,0.0
0.955834621563631,-0.2939050462654741,0.0,0.0,1.0,0.09931920738246462,0.0
0.5625705658203902,-0.8267492718306597,0.0,0.0,1.0,0.183888318179583,0.0
-0.4600792128169023,-0.8878778733214268,0.0,0.0,1.0,0.04860831835433421,0.0
0.6828721875478336,-0.7305378672414157,0.0,0.0,0.0,0.2022018157682443,0.0
0.6774944671280739,-0.7355278696357107,0.0,0.0,0.0,0.11888633606827671,0.0
-0.9994381937508628,-0.0335156213132443,0.0,0.0,1.0,0.13587590892514492,0.0
-0.8839212791413632,0.46763572605297854,1.0,0.0,1.0,0.10024779427348646,0.0
-0.550685275850323,-0.834712960820457,0.0,0.0,1.0,0.036646354373833484,0.0
-0.9997093675096969,-0.02410768577366611,0.0,0.0,1.0,0.113019505076711,0.0
-0.8820222395050904,0.47120777690783605,0.0,0.0,0.0,0.13673724534463963,0.0
0.7359647798881571,-0.6770198244986452,0.0,0.0,1.0,0.1538112723201297,0.0
-0.21486989737758094,-0.9766426814352053,0.0,0.0,1.0,0.11009834007805493,0.0
-0.02707860743877345,-0.9996333072778122,0.0,0.0,0.0,0.010373007939779078,0.0
0.860656632580888,-0.5091857821999023,0.0,0.0,0.0,0.04291693277086872,0.0
-0.9526051307735574,-0.3042095738531149,0.0,0.0,1.0,0.22260098118816468,0.0
-0.16654348380555498,-0.9860341109727944,0.0,0.0,1.0,0.06537320081139422,0.0
-0.2843291387773484,-0.958726728970321,0.0,0.0,0.0,0.19135247291196042,0.0
0.7147018511102958,-0.6994292416102693,0.0,0.0,1.0,0.07329566312912023,0.0
0.6390269901828617,-0.7691843119940973,0.0,0.0,1.0,0.11087720451360662,0.0
-0.97856219407847,0.20595152905557837,0.0,0.0,1.0,0.1512604129799952,0.0
0.915616480228905,-0.40205280888613537,0.0,0.0,0.0,0.07899027767095632,0.0
0.4938478426090731,-0.8695483358332441,0.0,0.0,0.0,0.1996107567879527,0.0
0.3098207864992512,-0.9507949727743544,0.0,0.0,0.0,0.12378641790342054,0.0
-0.3516541014527066,-0.9361300085626406,0.0,0.0,1.0,0.14304254231498348,0.0
-0.6341478233690852,-0.7732118326281948,0.0,0.0,1.0,0.1066196495990437,0.0
-0.3614869901038743,-0.9323771532945461,0.0,0.0,1.0,0.15293601435085452,0.0
0.8535281518991102,-0.5210467291094816,0.0,0.0,0.0,0.19893963699249312,0.0
0.4615140011892225,-0.8871329250491802,0.0,0.0,1.0,0.11343570311883927,0.0
-0.9999618826965528,-0.008731159943876195,0.0,0.0,1.0,0.2064856395374618,0.0
-0.758473356563841,-0.651704048923114,0.0,0.0,0.0,0.0894202095810441,0.0
-0.7835206720788481,-0.6213657187398659,0.0,0.0,1.0,0.1582048019675855,0.0
-0.8259963351821917,-0.563675486663726,0.0,0.0,0.0,0.1444557168121525,0.0
-0.960128392804845,-0.27955942003442713,0.0,0.0,1.0,0.06657089636588152,0.0
0.8962453828947718,-0.44355857971614504,0.0,0.0,0.0,0.13069048523186658,0.0
0.06124652394926275,-0.9981226694671013,0.0,0.0,1.0,0.12036829689251863,0.0
-0.5031383529001381,-0.8642058769997668,0.0,0.0,1.0,0.07734039118615774,0.0
0.1564514579042502,-0.9876856490400348,0.0,0.0,1.0,0.1379001217097063,0.0
-0.9999837516846815,-0.005700558448907708,0.0,0.0,1.0,0.1273144773054259,0.0
-0.32724493288146406,-0.9449395503964294,0.0,0.0,1.0,0.11637065263463917,0.0
-0.9653924728007354,-0.26080140616891145,0.0,0.0,1.0,0.11657112654706575,0.0
-0.999801014057612,0.019948240257493817,0.0,0.0,1.0,0.11549948705381903,0.0
-0.39769785854213957,-0.9175164376244146,0.0,0.0,0.0,0.10161501893768363,0.0
-0.9768119122413094,0.21409924825528123,0.0,0.0,1.0,0.12699170475074908,0.0
-0.635932335598894,-0.7717448182785135,0.0,0.0,0.0,0.08780428938181098,0.0
-0.9999016721129335,0.014023056220367884,0.0,0.0,0.0,0.2528404745735,0.0
0.14927294224780857,-0.9887960298831516,0.0,0.0,1.0,0.0495333377267342,0.0
-0.3789604745028538,-0.9254128585472389,0.0,0.0,0.0,0.09076319613827705,0.0
-0.4790772486053323,-0.87777274386298,0.0,0.0,1.0,0.09471289477115297,0.0
0.8144088825347346,-0.5802914543990155,0.0,0.0,1.0,0.2220246707162269,0.0
-0.04741570533574777,-0.9988752429044948,0.0,0.0,1.0,0.05399326750112503,0.0
-0.9707967350389896,0.2399035206862083,0.0,0.0,0.0,0.1412961148993055,0.0
-0.7432883010088566,-0.668971226274619,0.0,0.0,1.0,0.132419703252327,0.0
0.6479366799764503,-0.7616942029063205,0.0,0.0,1.0,0.1366801152337274,0.0
0.1551095708512663,-0.9878972725088049,0.0,0.0,0.0,0.181817158130547,0.0
0.6106623847043883,-0.7918910606309113,0.0,0.0,1.0,0.1807914679873544,0.0
0.9406410308049852,-0.3394030806668303,0.0,0.0,0.0,0.09745215867399412,0.0
-0.961957184128265,0.27320024872612986,0.0,0.0,0.0,0.12970087247469955,0.0
-0.21474264013008787,-0.9766706704462664,0.0,0.0,0.0,0.026794898392392796,0.0
0.25933590706681725,-0.9657871853083531,0.0,0.0,0.0,0.12495465042609645,0.0
-0.6652701298314116,-0.7466027419947617,0.0,0.0,0.0,0.08030052860840403,0.0
0.9591841789939158,-0.2827820906064731,0.0,0.0,1.0,0.11068087870197417,0.0
0.35487345959328775,-0.9349143424273109,0.0,0.0,0.0,0.03573140675916525,0.0
-0.8836964124359001,-0.46806052028334905,0.0,0.0,0.0,0.14024361433595378,0.0
-0.749939133802781,-0.6615068371461739,0.0,0.0,1.0,0.0351715652212196,0.0
-0.8953066111676322,0.4454504147484098,0.0,0.0,1.0,0.12741423033957933,0.0
-0.7189729878507364,-0.6950380153207341,0.0,0.0,0.0,0.05867472034887252,0.0
-0.3109027922365001,-0.9504417150880677,0.0,0.0,1.0,0.07751794824320576,0.0
-0.9587173095984433,-0.2843608979383817,0.0,0.0,1.0,0.17773660512725814,0.0
-0.9811278774418075,0.19335999613811947,0.0,0.0,1.0,0.1493958972956811,0.0
-0.910219551802378,-0.41412602854285563,0.0,0.0,1.0,0.17746015688352715,0.0
-0.9216859307736943,0.3879369085480637,0.0,0.0,0.0,0.19798635662506453,0.0
-0.9762620281737093,-0.21659282616503142,0.0,0.0,1.0,0.08135806464301175,0.0
-0.9975319493837934,0.0702140296420094,0.0,0.0,0.0,0.1949485831220436,0.0
0.795998897857655,-0.6052980708786363,0.0,0.0,0.0,0.04672471719105492,0.0
-0.9260065910004744,-0.37750734221161847,0.0,0.0,1.0,0.15730501672724517,0.0
-0.18767783819686992,-0.9822306394374742,0.0,0.0,0.0,0.09533311427000142,0.0
-0.5425183869182205,-0.8400439273369292,0.0,0.0,1.0,0.07348499286803417,0.0
-0.7938839627159097,-0.6080692836696195,0.0,0.0,0.0,0.15072349336522212,0.0
-0.9127347485496388,0.4085526634230008,0.0,0.0,0.0,0.16724757625846065,0.0
-0.8910641544422496,0.4538773762461826,0.0,0.0,1.0,0.16576341933232724,0.0
0.3221912145425014,-0.9466746121406382,0.0,0.0,0.0,0.1307429944447396,0.0
-0.9277185875313784,-0.37328035355317624,0.0,0.0,1.0,0.12659786506646195,0.0
-0.9469121187649531,-0.3214925183205161,0.0,0.0,1.0,0.14634332928499513,0.0
0.129382175028855,-0.9915948027217583,0.0,0.0,0.0,0.13518820377585955,0.0
0.7754449852144928,-0.6314151367410312,0.0,0.0,1.0,0.147067791979299,0.0
0.9206094509781207,-0.3904846204010642,0.0,0.0,1.0,0.1301999730555357,0.0
-0.972702659411088,-0.2320550287638623,0.0,0.0,1.0,0.1621391912253182,0.0
-0.3500675961915905,-0.9367244408558162,0.0,0.0,1.0,0.03863960967247859,0.0
-0.889573221128555,0.45679260529365734,0.0,0.0,0.0,0.11343632624568069,0.0
-0.2700933863632232,-0.9628341303894699,0.0,0.0,1.0,0.05080767530772069,0.0
-0.9011238598473891,0.433561747867294,0.0,0.0,1.0,0.13383510088024422,0.0
-0.09162884749889698,-0.9957932286905871,0.0,0.0,1.0,0.20209650879268487,0.0
-0.9840966117177828,-0.1776340586868951,0.0,0.0,0.0,0.09629576090265157,0.0
0.8522773922500577,-0.5230900942088668,0.0,0.0,1.0,0.12636260151486076,0.0
-0.5492421012991275,-0.8356632779777504,0.0,0.0,1.0,0.15782433574608196,0.0
-0.9887607090269448,-0.14950672320846767,0.0,0.0,1.0,0.016613853411673762,0.0
-0.964479889618407,0.26415628427441457,0.0,0.0,1.0,0.09389447589279061,0.0
-0.9967840591332631,-0.08013450853293856,0.0,0.0,0.0,0.13822578296364252,0.0
0.9258092972209037,-0.3779909326681482,0.0,0.0,1.0,0.0,0.0
0.04053364926415473,-0.9991781739396285,0.0,0.0,1.0,0.07115957534625142,0.0
0.9099887571668164,-0.4146329241992161,0.0,0.0,0.0,0.17504289866906447,0.0
0.8058244608398918,-0.5921544885518455,0.0,0.0,1.0,0.17014984502253624,0.0
-0.8356597413382691,-0.5492474822031113,0.0,0.0,1.0,0.138715911368505,0.0
-0.8994460502667765,-0.4370318096654927,0.0,0.0,1.0,0.16410988199715887,0.0
-0.9697678965919955,-0.2440291514133849,0.0,0.0,1.0,0.13075521172107318,0.0
-0.9978428816633889,0.0656474181800339,0.0,0.0,0.0,0.14776974537211574,0.0
-0.9347583290362244,-0.35528420496470947,0.0,0.0,0.0,0.1042173145579693,0.0
-0.9881480368582506,-0.15350393237042936,0.0,0.0,0.0,0.12579063414610464,0.0
0.9096140943137839,-0.4154542085786526,0.0,0.0,0.0,0.08838148067920887,0.0
0.4888594743212737,-0.872362547549084,0.0,0.0,1.0,0.18317416720911567,0.0
-0.7226060955993244,-0.6912600311045765,0.0,0.0,1.0,0.1960779704751101,0.0
-0.9991700957106833,0.04073229477336082,0.0,0.0,1.0,0.18899564003485367,0.0
0.9618487025917013,-0.27358193164509415,1.0,0.0,0.0,0.09959456191610688,0.0
-0.42818958970184556,-0.9036889261637354,0.0,0.0,0.0,0.07231129803174563,0.0
-0.839345238494097,-0.5435987220526621,0.0,0.0,1.0,0.18384868303750818,0.0
0.9349903043983414,-0.35467327314177044,0.0,0.0,0.0,0.14719536012957063,0.0
-0.056942554088725915,-0.9983774564431293,0.0,0.0,0.0,0.1364292170761821,0.0
-0.9858536335937379,0.16760851150828787,0.0,0.0,0.0,0.08831839575274271,0.0
-0.8286909198557068,-0.5597064939311519,0.0,0.0,0.0,0.14128319063183825,0.0
0.4795592385037779,-0.8775095080770787,0.0,0.0,1.0,0.06573609701690325,0.0
-0.9997456412713319,0.022553331438465777,0.0,0.0,1.0,0.1517031178039516,0.0
0.12418810737860637,-0.9922586930764173,0.0,0.0,1.0,0.18894433498031052,0.0
-0.999700546272107,0.024470753630627607,0.0,0.0,1.0,0.20155227719539762,0.0
0.28746062114324317,-0.957792457316271,0.0,0.0,0.0,0.1554262027054908,0.0
-0.6442898126094359,-0.7647814311080637,0.0,0.0,1.0,0.050898922518943915,0.0
-0.04193342937329784,-0.999120406908494,0.0,0.0,1.0,0.12986650654730109,0.0
0.36502490004386456,-0.9309977563603291,0.0,0.0,1.0,0.22698408720288565,0.0
-0.9905604315969733,0.13707673527779268,0.0,0.0,1.0,0.07656942047788579,0.0
0.621410801474682,-0.7834849174110459,0.0,0.0,1.0,0.11704092135448914,0.0
0.8522910664300386,-0.5230678140390091,0.0,0.0,1.0,0.19067621759004888,0.0
0.1447749451814093,-0.989464610406921,0.0,0.0,0.0,0.15085669610367927,0.0
-0.9058620180932633,-0.4235729030237893,0.0,0.0,1.0,0.24400781622425521,0.0
-0.9913286591388226,-0.13140582015277755,0.0,0.0,1.0,0.08335653083857057,0.0
-0.8681558791752444,0.4962916173515914,0.0,0.0,1.0,0.0705122107129589,0.0
0.29586475131353873,-0.9552298408918023,0.0,1.0,1.0,0.1812062717917587,0.0
-0.07930608266076047,-0.9968503123603888,1.0,0.0,0.0,0.060206068586423196,0.0
0.7468686142048505,-0.6649716333165845,0.0,0.0,0.0,0.11016160055912318,0.0
-0.6032083535262158,-0.7975836521871494,0.0,0.0,1.0,0.11671767275702116,0.0
-0.8701140257837499,0.49285046630230145,0.0,0.0,0.0,0.1717994736692961,0.0
-0.8802438837228641,-0.47452155395565426,0.0,0.0,0.0,0.15071339840126236,0.0
-0.6569345870818143,-0.753947576622968,0.0,0.0,1.0,0.1428532457088431,0.0
-0.026385846487243736,-0.9996518329424258,0.0,0.0,1.0,0.09987845610491666,0.0
-0.9724380912855919,0.23316122880280676,0.0,0.0,1.0,0.18075020095409716,0.0
-0.3729673174992303,-0.9278444805447884,0.0,0.0,0.0,0.3212912021363632,0.0
0.75239711124476,-0.6587097896574334,0.0,0.0,1.0,0.15456410494614578,0.0
0.06542402268440528,-0.9978575535895845,0.0,0.0,1.0,0.12498361037734182,0.0
0.8821474134521958,-0.4709733972737745,0.0,0.0,0.0,0.05510685145039197,0.0
0.5823228744311233,-0.8129576064680583,0.0,0.0,0.0,0.08812592753414232,0.0
0.9486255320718486,-0.31640101122057446,0.0,0.0,0.0,0.1093144883026348,0.0
-0.23157105054299387,-0.9728179935375446,0.0,0.0,0.0,0.09326998798664336,0.0
-0.7516712134605689,-0.65953801016675,0.0,0.0,1.0,0.11919610827365759,0.0
0.14017494764002986,-0.9901267515091766,0.0,0.0,0.0,0.20890080384036439,0.0
-0.12142664464850575,-0.992600408003848,0.0,0.0,1.0,0.1823583458684617,0.0
-0.9268840587991924,0.37534776080847354,0.0,0.0,1.0,0.11205836417658728,0.0
-0.9490566030090849,-0.3151056398810662,0.0,0.0,0.0,0.05958600276670697,0.0
-0.5070426810156979,-0.8619209474356759,0.0,0.0,1.0,0.18686838214512064,0.0
0.3340458882894117,-0.9425568123550633,0.0,0.0,1.0,0.11754728632693177,0.0
-0.9850661573870299,0.17217626308742812,0.0,0.0,1.0,0.03367497871988223,0.0
0.48719010748958713,-0.8732959401968411,0.0,1.0,1.0,0.1556215059246518,0.0
0.2003626660119705,-0.9797217983022403,0.0,0.0,1.0,0.17128433421167327,0.0
-0.9771657401228752,0.21247850792518683,0.0,0.0,1.0,0.0,0.0
-0.47348417747807353,-0.8808023238377112,0.0,0.0,0.0,0.07877226789335481,0.0
-0.9382034179399247,-0.34608430557574116,0.0,0.0,0.0,0.1144772994346143,0.0
-0.6453941626012304,-0.7638497069975589,0.0,0.0,1.0,0.15672554556543086,0.0
-0.7925094494464147,-0.6098596334716218,0.0,0.0,1.0,0.09421267076879143,0.0
0.2860271850890751,-0.9582215033018305,0.0,0.0,0.0,0.07839290490130317,0.0
0.4684302370023364,-0.8835004884333313,0.0,0.0,1.0,0.1563584624840141,0.0
0.209857342797999,-0.9777320162875731,0.0,0.0,1.0,0.09658388133429203,0.0
0.7032569233352974,-0.7109357916021471,0.0,0.0,1.0,0.14710273252743486,0.0
-0.9954107384031828,0.0956946282276611,0.0,0.0,1.0,0.06442421725127045,0.0
0.33819345935545264,-0.9410766090224493,0.0,0.0,1.0,0.052383349038180066,0.0
-0.5662686043554078,-0.8242207639470014,0.0,0.0,0.0,0.15776345787851986,0.0
-0.9830475765230808,-0.18335065391783456,0.0,0.0,0.0,0.13262599551586068,0.0
-0.9775841441643571,-0.21054510461761233,0.0,0.0,1.0,0.16612278666181035,0.0
-0.18198360278713374,-0.9833015652975514,0.0,0.0,1.0,0.0933703499539279,0.0
-0.306861231892667,-0.9517542667943837,0.0,0.0,1.0,0.08024473487601275,0.0
-0.8749001359748051,0.4843033678091322,0.0,0.0,1.0,0.18803594437704552,0.0
-0.8343335644412426,-0.5512599234905172,0.0,0.0,0.0,0.04385206180027648,0.0
-0.994253236963445,-0.10705372850915375,0.0,0.0,1.0,0.18257303545903125,0.0
-0.9816337634359176,0.19077514115480848,0.0,0.0,0.0,0.18602523537411916,0.0
-0.9802021819009722,-0.19799919847457342,0.0,0.0,1.0,0.16300447571330376,0.0
0.6278275957943817,-0.7783524330013021,0.0,0.0,1.0,0.08560962414947759,0.0
-0.5681783367338232,-0.8229054488010066,0.0,0.0,1.0,0.07917380816373203,0.0
0.8204577176475418,-0.5717072096384535,0.0,0.0,1.0,0.10949721135009002,0.0
-0.7914349709043978,-0.6112533736753973,0.0,0.0,0.0,0.055248016158430016,0.0
-0.9317347223555319,0.3631396524163396,0.0,0.0,0.0,0.07191530006232016,0.0
-0.4223454213039232,-0.9064349646299019,0.0,0.0,1.0,0.1522367145754523,0.0
-0.16383624253530735,-0.9864875496588449,0.0,0.0,1.0,0.15246745571120784,0.0
0.9272535575611223,-0.37443402621856153,0.0,0.0,0.0,0.06752125867325218,0.0
-0.9261602629952,0.377130172816578,0.0,0.0,0.0,0.15380609676500373,0.0
0.8182949745737947,-0.5747985165145023,0.0,0.0,1.0,0.1427151652869903,0.0
0.9204337567807382,-0.3908985794019938,0.0,0.0,1.0,0.19549431272885517,0.0
0.4542550139594111,-0.8908716979973801,0.0,0.0,1.0,0.14845682209337607,0.0
0.8847564544160218,-0.4660536625424051,0.0,0.0,1.0,0.1729290526867189,0.0
-0.23765163451065086,-0.9713504520071096,0.0,0.0,1.0,0.14385387954651055,0.0
-0.43266994450205937,-0.9015523939985878,0.0,0.0,1.0,0.1689964554848594,0.0
0.2427492435316314,-0.9700890705315779,0.0,0.0,1.0,0.05564414217161125,0.0
0.9067697679011687,-0.42162612350334816,0.0,0.0,1.0,0.11391277714445433,0.0
0.8011277322181527,-0.5984934057038555,0.0,0.0,1.0,0.1180508615886235,0.0
0.0003777990566325219,-0.9999999286339338,0.0,0.0,0.0,0.10781250265323587,0.0
0.8925618322690905,-0.45092502212279595,0.0,0.0,1.0,0.14219433151583627,0.0
-0.8758606417101454,-0.4825641266226617,0.0,0.0,1.0,0.15171898272478754,0.0
0.5682889411675782,-0.8228290705527077,0.0,0.0,1.0,0.13961285385355743,0.0
0.2772483168904483,-0.9607982986982302,0.0,0.0,1.0,0.1111528059389331,0.0
-0.03236194294253464,-0.9994762151492071,0.0,0.0,0.0,0.08321349600774375,0.0
-0.1086739188208261,-0.9940774513930615,0.0,0.0,1.0,0.1748593037078117,0.0
0.9644475501935593,-0.264274332703049,0.0,0.0,1.0,0.13748664083069176,0.0
0.8001693554746622,-0.5997741262836067,0.0,0.0,0.0,0.06906930708002956,0.0
-0.998402447708011,0.05650267613708515,0.0,0.0,0.0,0.11031562291751881,0.0
0.9648311650847283,-0.26287035375113266,0.0,0.0,0.0,0.032835016114631924,0.0
-0.4082131082862259,-0.9128866623098938,0.0,0.0,1.0,0.12176853071737213,0.0
-0.34943712879119904,-0.936959813984657,0.0,0.0,1.0,0.1100810028700702,0.0
0.17444975078289582,-0.984666077638397,0.0,0.0,0.0,0.0912766524822331,0.0
-0.15830918580177616,-0.9873895896204187,0.0,0.0,1.0,0.19923000949017647,0.0
-0.9752008400948066,-0.2213217600652578,0.0,0.0,0.0,0.062192294022894376,0.0
-0.9998580881560978,-0.016846469922003907,0.0,0.0,0.0,0.15531964758411676,0.0
0.4104329355247362,-0.9118907859149294,1.0,0.0,1.0,0.2293354080465937,0.0
0.20986368587803822,-0.9777306548071837,0.0,0.0,1.0,0.17386339518583438,0.0
0.46508686055699294,-0.8852650519122734,0.0,0.0,1.0,0.11842306089511165,0.0
-0.3185186559110535,-0.9479165922361608,0.0,0.0,1.0,0.06329656802883363,0.0
-0.8502179224565313,-0.5264308922676363,0.0,0.0,0.0,0.051896891170777226,0.0
0.5073983392477114,-0.8617116253879046,0.0,0.0,0.0,0.09942241525212389,0.0
0.1823475910065357,-0.9832341308427577,0.0,0.0,1.0,0.08564996330430458,0.0
-0.959190686401608,0.2827600168347925,0.0,0.0,0.0,0.08402265455209337,0.0
0.910170966133238,-0.41423279977337407,0.0,0.0,1.0,0.10368432722643779,0.0
-0.25629060503500145,-0.9665997753831691,0.0,0.0,0.0,0.11488764535571565,0.0
-0.8969022130468818,-0.44222892288000093,0.0,1.0,1.0,0.14426059738226482,0.0
0.715222877350868,-0.6988964413373023,0.0,0.0,0.0,0.058110189026878534,0.0
0.9118485179370333,-0.4105268326626604,0.0,0.0,0.0,0.08588781019334749,0.0
0.743727915208074,-0.6684824516322413,0.0,0.0,1.0,0.11201639585887593,0.0
-0.9695714261739271,0.24480859778009656,0.0,0.0,1.0,0.11022574032883654,0.0
0.957290953513271,-0.2891263224295783,0.0,0.0,0.0,0.21182118537067113,0.0
0.6194668970020135,-0.7850227789807738,0.0,0.0,1.0,0.13161232963619288,0.0
0.932951744022607,-0.3600014490598279,0.0,0.0,0.0,0.03932050940202876,0.0
0.8031009900392725,-0.5958429321540538,0.0,0.0,0.0,0.14090906807933823,0.0
-0.718479785072944,-0.6955478405124526,0.0,0.0,0.0,0.14728318613719893,0.0
0.46762766174155934,-0.8839255454924481,0.0,0.0,1.0,0.11374359858776309,0.0
-0.5877337107180927,-0.809054439012321,0.0,0.0,1.0,0.05933016627953993,0.0
-0.6439647413308386,-0.7650551692020034,0.0,0.0,0.0,0.20790273476567314,0.0
-0.9999376364531213,0.011167954358135066,0.0,0.0,1.0,0.06650580432093714,0.0
0.9616237321581879,-0.2743716416653837,0.0,0.0,1.0,0.1530386103207967,0.0
-0.9996984782649334,0.024555092237182705,0.0,0.0,1.0,0.13000252645319677,0.0
-0.7160366612778226,-0.6980626760586106,0.0,0.0,0.0,0.1500405274514885,0.0
0.6853739107671305,-0.728191322689147,0.0,0.0,1.0,0.2053428962083665,0.0
-0.9691139041627754,-0.24661354536680058,0.0,0.0,1.0,0.14808194360705176,0.0
-0.9994950634153057,0.03177448990045379,0.0,0.0,1.0,0.09206678864782335,0.0
0.42922868745735726,-0.9031958446890875,0.0,0.0,0.0,0.17529961375639805,0.0
-0.969596010603555,0.24471120984064215,0.0,0.0,1.0,0.08844502749779401,0.0
-0.23546778863238746,-0.9718821536156393,0.0,0.0,0.0,0.1281779005697634,0.0
-0.6777461406872806,-0.735295973593965,0.0,0.0,0.0,0.05534581959921049,0.0
-0.8909537542860259,0.4540940516276732,0.0,0.0,0.0,0.06833593863316237,0.0
0.0784671806654093,-0.9969166974017548,0.0,0.0,0.0,0.12256933352180932,0.0
-0.993701738863793,-0.11205737003461336,0.0,0.0,1.0,0.1384043354290436,0.0
0.2234571910779182,-0.9747137445196753,0.0,0.0,0.0,0.034880468865448475,0.0
-0.9872660759577656,-0.15907763910416647,0.0,0.0,1.0,0.1448643684000332,0.0
-0.6709847543162838,-0.7414711454096622,0.0,0.0,0.0,0.07902855117008512,0.0
0.5418642883625674,-0.8404659975259727,0.0,0.0,1.0,0.18398440078355832,0.0
-0.0999291092517954,-0.994994559343991,0.0,0.0,0.0,0.10240177855877458,0.0
0.2259891627463687,-0.9741298159491861,0.0,0.0,0.0,0.0638188865225007,0.0
0.8640013146596004,-0.5034895512982192,1.0,0.0,1.0,0.12379022789796261,0.0
0.9347154337061613,-0.3553970427444532,0.0,0.0,0.0,0.07418824994606373,0.0
0.12943011676786714,-0.9915885461588674,0.0,0.0,1.0,0.18344725707165627,0.0
0.9471450182427125,-0.32080572690962333,0.0,0.0,1.0,0.12002651037665499,0.0
0.6785429320378853,-0.7345607458756762,0.0,0.0,1.0,0.11241616884533565,0.0
-0.9164378110764598,-0.40017713381624764,0.0,0.0,1.0,0.1495900509465504,0.0
-0.8916220894634928,-0.452780354676255,0.0,0.0,1.0,0.06975262803998533,0.0
-0.9337253050563444,-0.3579902997253369,0.0,0.0,0.0,0.05554231723357429,0.0
0.2275883897604184,-0.9737574260801608,0.0,0.0,1.0,0.14041757897208185,0.0
-0.9888766514580867,0.14873791783214446,0.0,0.0,1.0,0.06501646459955954,0.0
-0.653380397005249,-0.7570297595268387,0.0,0.0,0.0,0.06499949231252716,0.0
0.7707897787563587,-0.637089567458708,0.0,0.0,0.0,0.16183780156104438,0.0
0.7310543989701582,-0.6823191817224404,0.0,0.0,1.0,0.146253205499197,0.0
-0.8673627747305674,-0.49767641797827933,0.0,0.0,0.0,0.057308522877354426,0.0
0.6596860345025883,-0.7515413068369894,0.0,0.0,1.0,0.08904319785293317,0.0
-0.4054938306274212,-0.9140977810514038,0.0,0.0,1.0,0.074813422202684,0.0
-0.8796815862629376,0.47556314700565455,0.0,0.0,1.0,0.20881596490202903,0.0
0.9623059398858124,-0.27196925940349076,1.0,0.0,0.0,0.1653005213785304,0.0
0.9497916668379872,-0.31288302863069767,0.0,0.0,1.0,0.09895775769973629,0.0
-0.8775524058330033,0.47948073477117714,0.0,0.0,1.0,0.14880973446717463,0.0
-0.6293824114371299,-0.7770957342397289,0.0,0.0,0.0,0.052190690703458525,0.0
0.7688703433929384,-0.6394047192903921,0.0,0.0,1.0,0.08636769244052535,0.0
-0.9848866654288695,0.17320004694110802,0.0,0.0,1.0,0.1252431632970943,0.0
-0.99322316922097,0.11622278658960335,0.0,0.0,0.0,0.14261153745729566,0.0
-0.4933207656382216,-0.869847470646503,1.0,0.0,0.0,0.11512704372432779,0.0
-0.7223572735623587,-0.6915200426101588,0.0,0.0,1.0,0.1324006755357113,0.0
0.3702088415731495,-0.9289485527310254,0.0,0.0,1.0,0.12391682299765631,0.0
0.9074012574451518,-0.4202653423576078,0.0,0.0,0.0,0.11182112989888413,0.0
-0.6552773537878037,-0.7553883700540097,0.0,0.0,1.0,0.10519272039045531,0.0
0.3010842499882675,-0.9535975432062535,0.0,0.0,1.0,0.09868675636611078,0.0
-0.8131627738470104,-0.5820363418459674,0.0,0.0,1.0,0.1315968754314294,0.0
-0.9994314306127515,-0.03371669472752053,0.0,0.0,1.0,0.14054077945997281,0.0
0.9480946553549535,-0.31798824583209356,0.0,0.0,0.0,0.1299179583659417,0.0
-0.6582190186502955,-0.7528264896289463,0.0,0.0,1.0,0.06107014749994701,0.0
0.4984921995418311,-0.866894184428496,0.0,0.0,1.0,0.07005360744284062,0.0
-0.9955483919931623,0.09425178618906367,0.0,0.0,1.0,0.13994409029740335,0.0
0.431069007999935,-0.9023189626412337,0.0,0.0,1.0,0.1935836650335439,0.0
-0.6959150022753489,-0.7181241603010591,0.0,0.0,1.0,0.12762077307793776,0.0
-0.5437672765316571,-0.8392360508065322,0.0,0.0,0.0,0.09941657937615028,0.0
-0.039302848721107765,-0.9992273445429752,0.0,0.0,0.0,0.13121702277213879,0.0
-0.8399614484988076,-0.5426460771403263,0.0,0.0,1.0,0.06315892887432856,0.0
-0.9172345218296294,-0.3983476270344422,0.0,0.0,1.0,0.1854471578268232,0.0
-0.581453939249534,-0.8135793240558656,0.0,0.0,1.0,0.1293297072254014,0.0
-0.9557536761046687,-0.2941681672316231,0.0,0.0,1.0,0.08652713933947258,0.0
-0.8928506249923089,0.4503529298792708,0.0,0.0,1.0,0.11166022669535625,0.0
-0.1176780591126609,-0.9930517984493443,0.0,0.0,1.0,0.09364818839681921,0.0
-0.42804721379828714,-0.9037563735650905,0.0,0.0,0.0,0.1855834988408417,0.0
0.9540751182305193,-0.29956746948462326,0.0,0.0,0.0,0.10988799552764704,0.0
-0.9854837570612893,-0.16976973984890759,0.0,0.0,1.0,0.12776828730577963,0.0
-0.4453363926003263,-0.895363332634148,0.0,0.0,0.0,0.14868632283256458,0.0
-0.07937216913037586,-0.9968450525370224,0.0,0.0,1.0,0.08296166981177289,0.0
0.8353851810096027,-0.5496649882879147,0.0,0.0,1.0,0.12968547330675784,0.0
-0.9890596700297156,0.14751599615197722,0.0,1.0,0.0,0.13372177846971048,0.0
-0.0353601851752867,-0.9993746331103114,0.0,0.0,1.0,0.04229605894896893,0.0
-0.8490031517413034,-0.5283877821575111,0.0,0.0,1.0,0.1326348244388805,0.0
0.7177866049835306,-0.6962631612445233,0.0,0.0,0.0,0.11771189675284303,0.0
-0.9238649863944992,0.3827185479099384,0.0,0.0,1.0,0.12649831460579983,0.0
0.6455090955838657,-0.7637525826591356,0.0,0.0,0.0,0.12178148567452833,0.0
0.5890456153517141,-0.8080997853204271,0.0,0.0,1.0,0.1329584936475041,0.0
-0.9990469590706622,0.04364829402923494,0.0,0.0,0.0,0.1868671612838079,0.0
-0.9745517806371533,0.22416250100530585,0.0,0.0,1.0,0.06102462939574452,0.0
0.5538458353789417,-0.832619235084923,0.0,0.0,1.0,0.10289238322497898,0.0
-0.2858752435223842,-0.9582668444337503,0.0,0.0,1.0,0.1533309314481418,0.0
-0.9273897068841002,-0.37409668745582725,0.0,0.0,0.0,0.14404629338639555,0.0
-0.9939966826734592,0.10941021357331561,0.0,0.0,1.0,0.1429702776671042,0.0
0.018930882520069227,-0.9998207947862513,0.0,0.0,0.0,0.25767886078366686,0.0
-0.4355264892318029,-0.9001759145730462,0.0,0.0,1.0,0.15070677620583528,0.0
-0.937492923327291,-0.34800433720178003,0.0,0.0,1.0,0.17654688981275124,0.0
-0.9243564705215127,-0.3815299665884868,0.0,0.0,1.0,0.10464639705737458,0.0
-0.9769608192614619,-0.2134187377621117,0.0,0.0,1.0,0.07035438130513588,0.0
-0.589719345486411,-0.8076082550092458,0.0,0.0,0.0,0.1042841285383183,0.0
0.8151283631528041,-0.5792803738983656,0.0,0.0,1.0,0.1555980085671702,0.0
-0.9807007735624393,0.19551468674765357,0.0,0.0,0.0,0.14034139274145876,0.0
-0.9978168886919948,0.06604132525189942,0.0,0.0,1.0,0.140162568529944,0.0
-0.9866547018860333,-0.16282659256455254,0.0,0.0,1.0,0.1092827806601436,0.0
0.82439120146178,-0.5660204474684664,0.0,0.0,1.0,0.10130986905935123,0.0
0.5756121600860296,-0.8177228388403341,1.0,0.0,0.0,0.11100713778533611,0.0
-0.9397049839229071,-0.34198617397557013,0.0,0.0,0.0,0.15622377250826064,0.0
0.9425697017004748,-0.3340095169845883,0.0,0.0,1.0,0.1620363714085209,0.0
-0.8991853923175295,0.4375678578720913,0.0,0.0,1.0,0.0696879175164386,0.0
0.02542299602211519,-0.9996767834021452,0.0,0.0,1.0,0.15811712797157246,0.0
-0.9082596418330003,-0.41840700641527256,0.0,0.0,1.0,0.0874639384621885,0.0
-0.9900817031780677,0.14049277928782228,0.0,0.0,1.0,0.14344608259205266,0.0
-0.034076683090276005,-0.9994192211827652,0.0,0.0,1.0,0.11040171287687559,0.0
0.22102366250110705,-0.9752684454111067,0.0,0.0,0.0,0.19828942746194922,0.0
-0.6909394447022799,-0.7229126390889187,0.0,0.0,0.0,0.09909626855094271,0.0
-0.6196821607424021,-0.7848528649738291,0.0,0.0,0.0,0.12893059204473917,0.0
-0.08336992361770769,-0.9965186680820273,0.0,0.0,0.0,0.15032965787797137,0.0
-0.6736071087962432,-0.7390896176913637,0.0,0.0,1.0,0.07630205749385588,0.0
-0.9542436318993531,0.29903025094383323,0.0,0.0,0.0,0.11635714722865273,0.0
-0.2788209854604962,-0.9603430939340574,0.0,0.0,1.0,0.10667075576884313,0.0
0.5967190250218075,-0.8024502509047047,0.0,1.0,1.0,0.09430932582970133,0.0
0.025214426371489282,-0.9996820658103038,0.0,0.0,1.0,0.09801384992583802,0.0
-0.03229801103951064,-0.9994782831472085,0.0,0.0,1.0,0.17560072990683973,0.0
0.7596551359219506,-0.6503261293131338,0.0,0.0,0.0,0.09007246326198333,0.0
0.6850565848869129,-0.7284898595746409,0.0,0.0,0.0,0.14832039413358028,0.0
-0.852545348709466,-0.522653258283018,0.0,0.0,1.0,0.13572975010155722,0.0
0.15301753651339356,-0.9882234734711437,0.0,0.0,1.0,0.05015099421124121,0.0
-0.9322910631529279,0.36170896251708146,0.0,0.0,0.0,0.14595847192132205,0.0
0.4617274758447337,-0.8870218362870504,0.0,0.0,1.0,0.049324339512115276,0.0
0.8261938973440444,-0.5633858748597259,1.0,0.0,0.0,0.15140459140825802,0.0
-0.9506966205344815,-0.3101224527574811,0.0,0.0,0.0,0.09464041784345759,0.0
-0.9929613121526473,0.11843915133136113,0.0,0.0,1.0,0.1204183626628226,0.0
0.35458309507036606,-0.9350245069998538,0.0,0.0,1.0,0.055286002518683056,0.0
0.5820210746997425,-0.8131737013734254,0.0,0.0,1.0,0.1261191161802408,0.0
0.626271915772783,-0.7796046995203969,0.0,0.0,1.0,0.16634752089853097,0.0
-0.4507591204387844,-0.8926456269658489,0.0,0.0,1.0,0.07965172859886896,0.0
-0.28135756330783473,-0.9596030020636022,1.0,0.0,1.0,0.08964164569279945,0.0
0.41325114955980796,-0.9106170915305166,0.0,0.0,1.0,0.14273105117837448,0.0
0.9148979741850992,-0.4036851456667704,0.0,0.0,1.0,0.14398091618234696,0.0
-0.32376568847143733,-0.9461372939318142,0.0,0.0,1.0,0.0,0.0
-0.9267267549124453,0.37573597343007853,0.0,0.0,0.0,0.22077031818913867,0.0
-0.7905960064048974,-0.6123381048543587,0.0,0.0,1.0,0.14642767417741656,0.0
-0.36851039109910616,-0.9296236290305792,0.0,0.0,0.0,0.15484593312264808,0.0
0.8029740129623494,-0.5960140388507142,0.0,0.0,1.0,0.11282297766689915,0.0
0.4348370149730552,-0.9005091728623995,0.0,0.0,1.0,0.02723232457238775,0.0
0.30102337620253833,-0.953616761062653,0.0,0.0,1.0,0.153736103062512,0.0
-0.9619165583919486,-0.2733432543367206,0.0,0.0,0.0,0.09174059858845568,0.0
-0.9945971545822491,0.10380992292114352,0.0,0.0,1.0,0.147196584709167,0.0
-0.9822212535031127,0.18772695375670984,0.0,0.0,1.0,0.10905994648686355,0.0
-0.891078787416185,0.4538486472568818,0.0,0.0,1.0,0.13190196895581888,0.0
-0.8944548824448356,0.447158208322955,0.0,0.0,0.0,0.08125018092953776,0.0
-0.9346096292825304,0.3556751900995782,0.0,0.0,1.0,0.1632194471339466,0.0
0.8745747100809687,-0.4848907882057461,0.0,0.0,1.0,0.0605810480271164,0.0
0.7446641550018586,-0.6674393577362425,0.0,0.0,0.0,0.2322784712669595,0.0
0.2694077460133726,-0.9630262023371919,0.0,0.0,1.0,0.23189743174935062,0.0
-0.541930591735268,-0.8404232467878683,0.0,0.0,1.0,0.20163497927332552,0.0
0.8299082255438271,-0.5578999347326509,0.0,0.0,0.0,0.1837739492887255,0.0
-0.999999262335887,-0.00121463067718989,0.0,0.0,1.0,0.11577258208831795,0.0
-0.7103998178113808,-0.7037983367794761,0.0,0.0,1.0,0.17832733528736042,0.0
-0.5114589474423047,-0.8593077126857467,0.0,0.0,1.0,0.11519117508619361,0.0
0.678983894898272,-0.7341531655375275,1.0,0.0,1.0,0.04232412288773464,0.0
0.43232470524644473,-0.9017179987299658,0.0,0.0,0.0,0.1951600707015344,0.0
0.6913763152731205,-0.7224948378219478,0.0,0.0,1.0,0.17644122314612526,0.0
-0.999806566278151,0.019667994994236968,0.0,0.0,1.0,0.11843304461722823,0.0
-0.6282948677567691,-0.7779752946916142,0.0,0.0,1.0,0.05874078713344248,0.0
-0.9294564174884725,-0.368931928666379,0.0,0.0,0.0,0.09068996617105131,0.0
0.29693478254444766,-0.954897761498728,0.0,0.0,0.0,0.0289427207556245,0.0
0.045462992880542834,-0.9989660235855591,0.0,0.0,1.0,0.16725404263089885,0.0
-0.06882876378559102,-0.9976284886047248,0.0,0.0,0.0,0.03983455165679098,0.0
-0.9573342238219698,-0.28898301662759834,0.0,0.0,1.0,0.13434154350733382,0.0
-0.968621487128009,-0.24854056947292175,0.0,0.0,0.0,0.07781533261101559,0.0
0.5688685241603421,-0.8224284784828614,0.0,0.0,1.0,0.04866482775002616,0.0
-0.9477679810023013,0.3189605840645852,0.0,0.0,1.0,0.13191775466392858,0.0
0.7823061196896265,-0.6228941604286877,0.0,0.0,0.0,0.10331003073439843,0.0
-0.9855743607301708,0.1692429598870074,0.0,0.0,0.0,0.16190945527126838,0.0
0.8233627546153037,-0.5675154397126999,0.0,0.0,1.0,0.05661973656356464,0.0
0.3973839296075654,-0.9176524464576169,0.0,0.0,1.0,0.08213426772630888,0.0
-0.9999993894355491,0.001105046844703114,0.0,0.0,0.0,0.0006178895754554298,0.0
0.6427748531824634,-0.7660551469158488,0.0,0.0,1.0,0.010782665883603854,0.0
-0.09837748687561869,-0.995149169761015,0.0,0.0,1.0,0.20990962049892564,0.0
-0.22023035979904787,-0.9754478912903456,0.0,0.0,1.0,0.22417991220498346,0.0
0.45670204312024365,-0.8896197186493762,0.0,0.0,1.0,0.12463631026119763,0.0
-0.8949173392402369,-0.44623195305488245,0.0,0.0,1.0,0.0788085617046744,0.0
-0.9998445549456044,0.01763139091581433,0.0,0.0,1.0,0.10507755372549464,0.0
-0.9953254156650929,0.09657803544859489,0.0,0.0,0.0,0.1636787101243182,0.0
0.15354087485781953,-0.9881422973174944,0.0,0.0,1.0,0.0942805490088977,0.0
-0.4774014988219671,-0.8786852729632717,0.0,0.0,0.0,0.13188169335208447,0.0
0.447146469312205,-0.8944607509452996,0.0,0.0,0.0,0.11936219747593751,0.0
0.4581017131166651,-0.8888997808749739,0.0,0.0,0.0,0.0915593664958571,0.0
0.6890563576602967,-0.724707759009054,0.0,0.0,1.0,0.09369036270040644,0.0
-0.9494051599562278,0.31405388430727865,0.0,0.0,1.0,0.13466604358427542,0.0
-0.9898809593311007,0.14190026904040695,0.0,0.0,1.0,0.07115559318062792,0.0
-0.9727149673047678,-0.2320034318308343,0.0,0.0,1.0,0.1425864672811758,0.0
-0.4374924177238026,-0.899222099613984,0.0,0.0,0.0,0.09642105201754089,0.0
-0.3529612139271819,-0.9356379542659918,0.0,0.0,0.0,0.12636836523241152,0.0
-0.4740944313120801,-0.880474003136308,0.0,0.0,1.0,0.18919812830842794,0.0
-0.49440863544279057,-0.8692296021187945,0.0,0.0,1.0,0.11159039773865237,0.0
-0.1691740750234988,-0.98558618716982,0.0,0.0,0.0,0.16599021700959962,0.0
0.7582231893579978,-0.6519950882635435,0.0,0.0,1.0,0.030398357205808565,0.0
0.7715751641393535,-0.6361381658754093,0.0,0.0,0.0,0.09648184931797026,0.0
-0.9355137590839436,0.35329025823624,0.0,0.0,1.0,0.12138443105380364,0.0
-0.3255021129784883,-0.9455413129242632,0.0,0.0,0.0,0.21616653396032295,0.0
-0.9343595606111456,0.3563316032778273,0.0,0.0,0.0,0.022002395837005473,0.0
0.6833057451030741,-0.7301323569799744,0.0,0.0,1.0,0.11518950690536116,0.0
-0.5462661094029801,-0.8376116867127221,0.0,0.0,1.0,0.19283444254581317,0.0
0.5663362666871261,-0.8241742734609522,0.0,0.0,0.0,0.0807489797366564,0.0
0.43254218030429326,-0.9016136990183813,0.0,0.0,1.0,0.10935805947871648,0.0
0.9344493014078542,-0.35609619921921826,0.0,0.0,1.0,0.13658694925277698,0.0
0.7859011910871794,-0.6183520986038236,0.0,0.0,1.0,0.129225427686139,0.0
-0.9711948667908791,0.2382866566114156,0.0,0.0,1.0,0.19828852377272072,0.0
0.21304857564685895,-0.9770416083334653,0.0,0.0,0.0,0.1424236905036616,0.0
-0.6894324143362078,-0.7243500162646146,0.0,0.0,1.0,0.18638864477571096,0.0
-0.27022667437139586,-0.962796730602143,0.0,0.0,1.0,0.10199958213450443,0.0
-0.0538695536856617,-0.9985479814138666,0.0,0.0,0.0,0.08297372943748516,0.0
-0.4804957894930708,-0.8769970332215672,0.0,0.0,1.0,0.10871384034901822,0.0
0.6223562576826165,-0.7827341110002097,0.0,0.0,1.0,0.06204484533161991,0.0
-0.8847619400620972,0.4660432484411226,0.0,0.0,0.0,0.14417558481050474,0.0
-0.9955126099484685,-0.0946289777689079,0.0,1.0,0.0,0.10070609436223771,0.0
-0.9373723219637874,-0.34832905422347077,0.0,0.0,1.0,0.08641055500112622,0.0
-0.2824764529892933,-0.9592742326918761,0.0,0.0,0.0,0.14493292048105008,0.0
0.7094349659614893,-0.7047709053807631,0.0,0.0,1.0,0.06281421110128557,0.0
-0.968017099265037,0.25088422734501176,0.0,0.0,1.0,0.1585251106927897,0.0
0.14659273534668302,-0.9891969318308551,0.0,0.0,0.0,0.09608313057543195,0.0
0.9079910957356453,-0.4189894629519723,0.0,0.0,0.0,0.1779548222047092,0.0
0.1431693220585286,-0.9896982091634304,0.0,0.0,1.0,0.10036312108852163,0.0
-0.9845616491440233,-0.1750381645093465,0.0,0.0,1.0,0.1515954833278962,0.0
-0.7245112560525491,-0.6892629685781455,0.0,0.0,1.0,0.12897811868864528,0.0
-0.94784367036939,-0.31873559032634446,1.0,0.0,1.0,0.15719509368572435,0.0
-0.9840683260553932,-0.1777906905733152,0.0,0.0,0.0,0.12549734460738135,0.0
0.5543920491127159,-0.8322556433456033,0.0,0.0,0.0,0.036830129382837806,0.0
-0.9653008001912347,0.2611405084435622,1.0,0.0,1.0,0.1704396769621066,0.0
-0.18065600509945334,-0.9835463424879919,0.0,0.0,1.0,0.11561585387710463,0.0
-0.7616249674893444,-0.648018062168683,1.0,0.0,1.0,0.15947580386774066,0.0
0.9638623162867809,-0.2664008919697559,0.0,0.0,1.0,0.15451232384344282,0.0
-0.8770886840134434,0.4803284713355705,0.0,0.0,0.0,0.0813351759494329,0.0
0.34571101395560516,-0.938341033329454,0.0,0.0,1.0,0.07426022974123514,0.0
0.890194471227412,-0.45558073202907556,0.0,0.0,1.0,0.1527677550724502,0.0
-0.2480321946192349,-0.9687517898989224,0.0,0.0,1.0,0.1048375485294743,0.0
0.7642367636974007,-0.6449357867364186,0.0,0.0,0.0,0.16682146397332484,0.0
0.710753945022059,-0.7034407079744389,1.0,0.0,1.0,0.11108995285684883,0.0
-0.746581851937086,-0.6652935730624421,0.0,0.0,1.0,0.1711704888724144,0.0
-0.028285245333761498,-0.9995998924051608,0.0,0.0,1.0,0.14116522421045508,0.0
-0.9669960281076028,0.25479144731352393,1.0,0.0,1.0,0.13439874968570742,0.0
0.22094398051952013,-0.9752865001999105,0.0,0.0,1.0,0.10129944006298627,0.0
-0.9177901463878932,-0.3970657970579806,0.0,0.0,1.0,0.13162138070307583,0.0
-0.25737547429166696,-0.9663114742323716,0.0,0.0,1.0,0.17964263574763545,0.0
-0.8058301501165597,-0.5921467463079764,0.0,0.0,1.0,0.117289227066834,0.0
-0.6683597390297805,-0.7438381942627332,0.0,0.0,0.0,0.14655872218419277,0.0
-0.295589249192972,-0.9553151290341502,0.0,0.0,1.0,0.1223180038124853,0.0
-0.9381193478826836,0.34631212674142464,0.0,0.0,1.0,0.1262302021372711,0.0
0.14212517468455785,-0.9898486928419332,0.0,0.0,1.0,0.20617053784691491,0.0
0.6486391398077951,-0.761096095318721,0.0,0.0,0.0,0.18008650155197756,0.0
-0.8408344614747421,-0.5412923502105683,0.0,0.0,0.0,0.12397019075978591,0.0
-0.9999998760653825,-0.0004978646598720689,0.0,0.0,0.0,0.1307227043968017,0.0
0.9215281585329865,-0.38831154120216793,0.0,0.0,1.0,0.08490647482245155,0.0
-0.21947798228701015,-0.9756174533551677,0.0,0.0,1.0,0.11135142268675234,0.0
-0.987592323259618,0.15703949515542304,1.0,0.0,1.0,0.13546988937743074,0.0
-0.94651210693582,-0.3226682993786575,0.0,0.0,1.0,0.1625306794784564,0.0
-0.8796277798478594,0.4756626629449968,0.0,0.0,1.0,0.15746104484554596,0.0
-0.4790855254657822,-0.8777682264067066,0.0,0.0,1.0,0.06453704720477448,0.0
-0.8059196561768738,-0.592024921593466,0.0,0.0,1.0,0.16884913653393158,0.0
0.2759115706179761,-0.9611830237780532,0.0,0.0,1.0,0.11556131603112235,0.0
-0.941061297221436,0.3382360638251161,0.0,0.0,1.0,0.0706504322161231,0.0
0.06217352713963399,-0.9980653548355525,0.0,0.0,1.0,0.18681923687159607,0.0
-0.9336403895838218,-0.35821170128538443,0.0,0.0,0.0,0.19316394983689766,0.0
-0.06300546328277447,-0.998013182075529,0.0,0.0,1.0,0.133187349117033,0.0
-0.5671926437557946,-0.8235851533808222,0.0,0.0,0.0,0.15543968009526174,0.0
-0.9089277628989926,-0.4169536207198982,0.0,0.0,1.0,0.15837246043722158,0.0
-0.41059408239078576,-0.9118182381953481,0.0,0.0,0.0,0.18978860764061256,0.0
-0.978574315206112,0.20589392807678614,0.0,0.0,0.0,0.15640342627158627,0.0
-0.11777471934151136,-0.993040339303509,0.0,0.0,1.0,0.05361558612807156,0.0
-0.7791082572780182,-0.626889402878378,0.0,0.0,0.0,0.22049038744855637,0.0
0.14330824244319662,-0.9896781030455518,0.0,0.0,1.0,0.17328284447400213,0.0
-0.08003452620268428,-0.996792091970794,0.0,0.0,1.0,0.09452378973636176,0.0
-0.18754882912718404,-0.9822552808170707,0.0,0.0,0.0,0.06851874638212951,0.0
0.7712651154285771,-0.6365140389048333,0.0,0.0,1.0,0.1452406715202042,0.0
0.8397514493130205,-0.5429709968098495,1.0,0.0,1.0,0.10608699808162103,0.0
-0.8207559103194367,-0.5712790348644985,0.0,0.0,1.0,0.13649976769994795,0.0
-0.7968037617517233,-0.6042381693159602,0.0,0.0,1.0,0.15717034206391317,0.0
-0.8117513153409873,-0.5840032551640246,0.0,0.0,1.0,0.09167790560016023,0.0
0.9463425347669524,-0.3231652934503634,0.0,0.0,1.0,0.06419460036578312,0.0
0.19634603047043264,-0.9805346685959165,0.0,0.0,1.0,0.13929092339359891,0.0
0.5937992383923453,-0.8046132390687284,0.0,0.0,1.0,0.09333060723615132,0.0
-0.9733373486280148,-0.22937830273542958,0.0,0.0,1.0,0.1273047892866199,0.0
-0.9987865089679137,0.04924946196343375,0.0,0.0,1.0,0.05283367815188676,0.0
0.4523930953981474,-0.8918186403277758,0.0,0.0,0.0,0.10739086377626811,0.0
-0.82145375384439,-0.5702751356099618,0.0,0.0,1.0,0.15574759455199982,0.0
0.7635059059257152,-0.645800845165561,0.0,0.0,1.0,0.15029662538233984,0.0
0.36398705300638495,-0.9314040075304202,0.0,0.0,0.0,0.08058210145633657,0.0
0.742705239868297,-0.66961849337677,0.0,0.0,0.0,0.06158678153409741,0.0
0.3373162647473072,-0.9413913838233939,0.0,0.0,1.0,0.1207881844875896,0.0
-0.8345943883572849,-0.5508649625112577,0.0,0.0,1.0,0.14805163985097045,0.0
-0.976244046735243,0.21667385909240802,0.0,0.0,0.0,0.14025875700962753,0.0
0.5808184754657167,-0.814033106548917,0.0,0.0,0.0,0.0943920077819345,0.0
-0.5106241321180078,-0.859804044942062,0.0,0.0,1.0,0.13489122212433016,0.0
-0.8810663452850613,-0.47299270100713514,0.0,0.0,1.0,0.19511777356379972,0.0
-0.9347023997437836,0.35543132095133695,0.0,0.0,1.0,0.13025723436545136,0.0
-0.6941785475814931,-0.7198028508401788,1.0,0.0,1.0,0.03834260320906899,0.0
0.42663422504900034,-0.9044242577556392,0.0,0.0,0.0,0.1301600169050321,0.0
-0.7309755534110497,-0.6824036491076302,0.0,0.0,0.0,0.22219784856063046,0.0
0.21651157955158346,-0.9762800499447268,0.0,0.0,1.0,0.055630459344220215,0.0
-0.9037463544280916,0.42806836703724593,0.0,0.0,1.0,0.1214862330914511,0.0
-0.05123519624723555,-0.9986866148424676,0.0,0.0,0.0,0.10868322834839328,0.0
-0.8540814548457777,-0.520139277971314,0.0,0.0,1.0,0.1247941479637532,0.0
0.9424702068607083,-0.3342901571687893,0.0,0.0,0.0,0.12971260765768858,0.0
-0.05254479378407128,-0.9986185681461113,0.0,0.0,1.0,0.1769985993031462,0.0
-0.9951487611167696,0.0983816204773971,0.0,0.0,1.0,0.12423916432004052,0.0
-0.6945874530899964,-0.7194082776907367,0.0,0.0,1.0,0.18386297786060235,0.0
-0.20054554538942213,-0.9796843799022515,0.0,0.0,1.0,0.11411721706067587,0.0
-0.953675940067341,0.3008358378529282,0.0,0.0,0.0,0.10249316130126834,0.0
-0.9996449000817249,0.02664720887068999,0.0,0.0,1.0,0.0865408508480697,0.0
0.2107779093345765,-0.9775339753361747,0.0,0.0,1.0,0.029145648543992347,0.0
-0.5178320002690986,-0.8554823314933537,0.0,0.0,1.0,0.133789070596292,0.0
-0.3504645213010027,-0.9365760082925779,0.0,0.0,1.0,0.22270001442359214,0.0
-0.7463999751415241,-0.6654976161555595,0.0,0.0,1.0,0.14291177386429305,0.0
0.17104018217203085,-0.9852640539888576,0.0,0.0,0.0,0.15433736770808398,0.0
0.4598902358587138,-0.8879757716074334,0.0,0.0,1.0,0.09934843374927724,0.0
-0.9744837670819226,0.22445798647814943,0.0,0.0,1.0,0.10778333043631647,0.0
-0.9652197132251441,0.26144006043751333,0.0,0.0,1.0,0.1692320744166631,0.0
-0.999953585017727,-0.009634718999297246,0.0,0.0,1.0,0.220434682014491,0.0
-0.9006992705469768,0.4344431194485003,0.0,0.0,0.0,0.19439739678984097,0.0
-0.9413136352071998,-0.33753316899677704,0.0,0.0,1.0,0.1602622314864011,0.0
-0.9617896333878101,-0.2737895197186005,0.0,0.0,1.0,0.12175752896952545,0.0
-0.9598301137837166,-0.28058181101763807,0.0,0.0,0.0,0.13048594571336616,0.0
-0.3209186169178998,-0.9471067739782576,0.0,0.0,0.0,0.08232463402858728,0.0
-0.24206038519963644,-0.970261186442601,0.0,1.0,0.0,0.04759162393486714,0.0
0.4718719273415899,-0.8816671050838482,0.0,0.0,1.0,0.06366008211200294,0.0
-0.7742793646611233,-0.6328439503226425,0.0,0.0,1.0,0.12249000172609686,0.0
0.3186710303141795,-0.9478653778034618,0.0,0.0,0.0,0.10540038692866613,0.0
0.4183008605724703,-0.9083085324075354,0.0,0.0,1.0,0.04652791476401576,0.0
-0.63287382665243,-0.7742549447942261,0.0,0.0,1.0,0.11813383104751318,0.0
-0.08622664942102522,-0.9962755466885773,0.0,0.0,1.0,0.10407848377670274,0.0
0.5346910451725294,-0.845047623635679,0.0,0.0,0.0,0.06135755723579597,0.0
-0.9947581506910522,-0.10225566797844403,0.0,0.0,1.0,0.10149104946899647,0.0
-0.9987966255288206,0.04904386640794928,1.0,0.0,1.0,0.10395234996418279,0.0
0.6729943589035613,-0.7396476139919499,0.0,0.0,1.0,0.08916814300377666,0.0
0.9589986338327482,-0.28341069194178725,0.0,0.0,1.0,0.16633350823879697,0.0
0.16426700811843734,-0.9864159112888524,0.0,0.0,0.0,0.024854921895334392,0.0
-0.9863276638979529,-0.16479605404744058,0.0,0.0,1.0,0.02071005046445143,0.0
-0.9997178488109436,-0.023753373840767738,0.0,0.0,1.0,0.12016428922245459,0.0
0.7434464219306579,-0.668795497681094,0.0,0.0,0.0,0.1248063594696153,0.0
-0.9702767258683407,-0.24199808932760766,0.0,0.0,0.0,0.14021075680094866,0.0
0.7926908063669202,-0.6096238885586438,0.0,0.0,1.0,0.09305132458604529,0.0
-0.01853791405012956,-0.9998281581065168,0.0,0.0,0.0,0.07410380974538341,0.0
-0.8683818802994443,0.49589606770733874,0.0,0.0,1.0,0.11963419336525262,0.0
0.607996666832172,-0.7939395777519652,0.0,0.0,0.0,0.09792109323260019,0.0
0.7068241252478815,-0.7073893241826363,0.0,0.0,1.0,0.19755357023278472,0.0
-0.12959284186278938,-0.9915672923901464,0.0,0.0,1.0,0.1037886375037404,0.0
-0.7173407566216693,-0.6967224977632421,0.0,0.0,1.0,0.1173407424141461,0.0
-0.9567341317435674,0.2909635735910636,0.0,0.0,1.0,0.24377090697989712,0.0
-0.8967945811842524,0.44244714843533733,0.0,0.0,1.0,0.11026198866346565,0.0
0.8781506503390151,-0.4783841921606156,0.0,0.0,1.0,0.14780784325995452,0.0
0.744200620006798,-0.6679561641167011,0.0,0.0,1.0,0.15231547166931764,0.0
-0.9822673116600422,-0.18748580864735745,0.0,0.0,1.0,0.15657008218591073,0.0
0.3782726938195789,-0.9256942092886177,0.0,0.0,1.0,0.1344743632705626,0.0
-0.9913407420310182,0.13131463433064225,0.0,0.0,0.0,0.12969203972052548,0.0
-0.8128302675539109,-0.582500606135511,0.0,0.0,0.0,0.1250167144918558,0.0
0.800629565295897,-0.5991596608368281,0.0,0.0,0.0,0.09120030488831134,0.0
-0.9989251169999904,-0.04635310805712308,0.0,0.0,1.0,0.13627594014196343,0.0
0.6509134282240281,-0.7591519669721228,0.0,0.0,1.0,0.2214322918712296,0.0
-0.13193809786007685,-0.9912579575131111,0.0,0.0,1.0,0.18053409544817786,0.0
-0.5398886790511233,-0.8417364280060792,0.0,0.0,1.0,0.13519590111123184,0.0
-0.3850911498180271,-0.9228785436512379,0.0,0.0,1.0,0.1627914899052995,0.0
-0.8553802496577138,-0.5180006066555398,0.0,0.0,0.0,0.07654120456346739,0.0
-0.7909450234314677,-0.6118872199261847,0.0,0.0,1.0,0.10697439229001406,0.0
-0.8792482175819647,0.47636390698597025,0.0,0.0,0.0,0.16739249220920277,0.0
-0.8670074617584816,0.49829515475781516,0.0,0.0,1.0,0.1943583596729096,0.0
-0.4338097961524181,-0.90100447321986,0.0,0.0,1.0,0.0814566913952311,0.0
0.8332705004352651,-0.5528655108653124,0.0,0.0,1.0,0.09582058452884214,0.0
-0.9200229910434693,-0.3918643846427339,0.0,0.0,0.0,0.2290687896939268,0.0
-0.9029644180451334,0.42971532407445456,1.0,0.0,1.0,0.12481306248844862,0.0
0.22369845452050388,-0.9746584024390997,0.0,0.0,1.0,0.21116809863501895,0.0
-0.2577354273546021,-0.966215529520376,0.0,0.0,1.0,0.13034286586378963,0.0
-0.1362602498321292,-0.9906730764059785,0.0,0.0,1.0,0.13230901411627174,0.0
0.9061104878532571,-0.42304111360756946,0.0,0.0,0.0,0.10472545561700512,0.0
-0.8299301568160593,-0.5578673093194038,0.0,0.0,0.0,0.16712775707551142,0.0
0.10624931068137257,-0.9943395214813364,0.0,0.0,0.0,0.1878888775152,0.0
-0.9801172102294641,-0.19841938970779158,0.0,0.0,0.0,0.06824988849295664,0.0
-0.9988595922431551,-0.04774426650224969,0.0,0.0,0.0,0.10237747238897815,0.0
-0.9964046906522113,-0.08472126324761256,0.0,0.0,1.0,0.16575392621871102,0.0
-0.10886461277798992,-0.9940565859571066,0.0,0.0,1.0,0.1135225681107836,0.0
0.213006375431723,-0.977050809336669,1.0,0.0,1.0,0.09533072657333949,0.0
-0.9456324580928622,-0.3252372275758898,0.0,0.0,1.0,0.17047710769347008,0.0
-0.9884170402275422,-0.15176216454645483,0.0,0.0,1.0,0.17517266023562555,0.0
-0.3550286787776825,-0.9348554098069782,0.0,0.0,1.0,0.09751789546639306,0.0
-0.987300243077408,0.15886544627228083,0.0,0.0,0.0,0.13061832639939727,0.0
0.7306129477609525,-0.68279185742366,0.0,0.0,0.0,0.059576260204788345,0.0
-0.9937320472409169,0.11178827436889845,0.0,0.0,1.0,0.07522595447606503,0.0
0.8315804229288779,-0.5554043573842651,0.0,0.0,0.0,0.12620826160666898,0.0
0.7078779801782586,-0.7063347401754702,0.0,0.0,1.0,0.12157033937899217,0.0
-0.48631711954860385,-0.8737823866581135,0.0,0.0,1.0,0.07165619541346827,0.0
0.8815828603425887,-0.4720293003089743,0.0,0.0,1.0,0.08420130376372123,0.0
0.9041020551786826,-0.4273165967075026,0.0,0.0,1.0,0.06674778150222202,0.0
0.9654673787784639,-0.2605239730133145,0.0,0.0,1.0,0.14275299284566054,0.0
-0.17505310733655877,-0.9845589924488096,0.0,0.0,1.0,0.021618040165404986,0.0
-0.9705134443562218,-0.24104699608960647,0.0,0.0,1.0,0.0694211385219902,0.0
0.9285280918313819,-0.371262148191777,0.0,0.0,1.0,0.026852922608383942,0.0
-0.790050523684026,-0.6130417359581617,0.0,0.0,0.0,0.14095103019289904,0.0
-0.9969307757226256,-0.0782881115948271,0.0,0.0,1.0,0.02986332249726492,0.0
0.672235466635923,-0.7403374078059157,0.0,0.0,1.0,0.12158645992677701,0.0
0.7237091706332418,-0.6901050907951232,0.0,0.0,1.0,0.20197620078737116,0.0
-0.9987577501677628,0.04982927332230293,0.0,0.0,1.0,0.2036716990635451,0.0
-0.9969300542891308,-0.07829729787847489,0.0,0.0,1.0,0.029704621541058934,0.0
-0.5014147664863828,-0.8652070457118378,0.0,0.0,1.0,0.13492048008154778,0.0
-0.9957953024547735,-0.09160630769224389,0.0,0.0,1.0,0.07055143518097726,0.0
0.8378384560426683,-0.5459182370795447,0.0,0.0,1.0,0.06034319821448709,0.0
-0.03357201004199274,-0.9994363011926974,0.0,0.0,0.0,0.11432650228049629,0.0
-0.9327682063283064,-0.3604767305431435,1.0,0.0,1.0,0.18141455784665628,0.0
0.4194024582525739,-0.9078004064835496,0.0,0.0,1.0,0.1499829437110179,0.0
-0.9494481539658083,-0.3139238807910585,0.0,0.0,1.0,0.08424295357585596,0.0
-0.3957831785648225,-0.9183439854243757,0.0,0.0,1.0,0.15525169987050014,0.0
-0.9472207281490755,-0.3205821145428035,0.0,0.0,1.0,0.007814583405916023,0.0
-0.2691304375838833,-0.9631037366586777,0.0,0.0,1.0,0.08235271007833797,0.0
0.05684357880500821,-0.9983830965859943,0.0,0.0,1.0,0.07880542276493746,0.0
0.533734113666418,-0.8456523493189878,0.0,0.0,0.0,0.12391603458694656,0.0
0.5644776812177116,-0.8254483311553035,0.0,0.0,1.0,0.10985860181700001,0.0
-0.948548857523811,-0.31663080218177275,0.0,0.0,1.0,0.11292644531900575,0.0
0.7859915974693685,-0.6182371783608214,0.0,0.0,0.0,0.11126402349469307,0.0
0.8502001155797353,-0.5264596503704768,0.0,0.0,1.0,0.12112036204945434,0.0
0.6510813909715816,-0.7590079198075015,0.0,0.0,0.0,0.1470065483479112,0.0
0.6535187675933095,-0.7569103119943088,0.0,0.0,0.0,0.12746655130511914,0.0
-0.9969255259502672,-0.07835493416998782,0.0,0.0,0.0,0.10578240916977208,0.0
-0.047259721788037105,-0.9988826350960944,0.0,0.0,1.0,0.1400874139902391,0.0
-0.8819151004070385,0.47140826856774937,0.0,0.0,1.0,0.16130617718263818,0.0
0.745985370350921,-0.6659623316843072,0.0,0.0,1.0,0.09219870546386853,0.0
-0.7927182421026201,-0.6095882123513641,0.0,0.0,1.0,0.11702986346636621,0.0
-0.21647801935184585,-0.9762874920521628,0.0,0.0,1.0,0.1780953281523293,0.0
-0.028253896041988146,-0.999600778990517,0.0,0.0,1.0,0.06486196613663217,0.0
-0.9951565977852417,0.0983023188154923,0.0,0.0,1.0,0.2102351098127972,0.0
-0.904521016201039,0.42642904597440323,1.0,0.0,1.0,0.053042251263021215,0.0
-0.9958725311210651,0.09076288756161917,0.0,0.0,1.0,0.10273176943976317,0.0
0.608780365319553,-0.7933388095898193,0.0,0.0,1.0,0.0724905001561994,0.0
0.529096145829345,-0.8485618825215592,0.0,0.0,0.0,0.22939634984346885,0.0
-0.7979460146350261,-0.602728925577725,0.0,0.0,1.0,0.0948324985576424,0.0
0.3194340415996503,-0.9476085125553236,0.0,0.0,1.0,0.09495794217357335,0.0
-0.928947894701371,-0.3702104927333782,0.0,0.0,0.0,0.10146256300300403,0.0
-0.5800211027513531,-0.8146014487852967,0.0,0.0,1.0,0.12478014039469751,0.0
-0.5362277071981866,-0.8440733653142811,0.0,0.0,1.0,0.10357791105477444,0.0
-0.9982051388807551,-0.05988740027795793,0.0,0.0,0.0,0.11335565976888003,0.0
-0.895353644389242,-0.4453558706011438,0.0,0.0,1.0,0.0,0.0
0.9385974557208663,-0.3450142259593314,0.0,0.0,1.0,0.12285799180009135,0.0
0.9089122903884427,-0.4169873479865249,0.0,0.0,0.0,0.12089033107433224,0.0
-0.673062834180855,-0.7395853035616885,0.0,0.0,0.0,0.17192843987061968,0.0
-0.3388603352509865,-0.9408366878441704,0.0,0.0,0.0,0.18545304741397012,0.0
0.4109415018649085,-0.9116617146974054,0.0,0.0,0.0,0.11061459693041012,0.0
-0.1155948632044879,-0.9932964449753838,0.0,0.0,1.0,0.16081145408369776,0.0
-0.9552397085936211,-0.29583289054122086,0.0,0.0,0.0,0.06492156097775967,0.0
-0.997789004058588,-0.0664612923420178,0.0,0.0,1.0,0.15836711713480522,0.0
-0.5655212869507877,-0.8247336988419502,0.0,0.0,0.0,0.09137621004327115,0.0
-0.0025664823299992993,-0.9999967065788016,0.0,0.0,0.0,0.060765126593497254,0.0
0.37806913329545694,-0.9257773654876328,0.0,0.0,0.0,0.11072056608979747,0.0
-0.45047403794483615,-0.8927895279054713,0.0,0.0,0.0,0.19002362235988896,0.0
0.23554624763014376,-0.9718631412021751,0.0,0.0,1.0,0.12905027683654233,0.0
-0.5735557303132871,-0.8191665424227187,0.0,0.0,0.0,0.19482440738391898,0.0
-0.8381684474821545,-0.5454114535333439,0.0,0.0,1.0,0.0825633643092098,0.0
0.8838844618145615,-0.4677053112407245,0.0,0.0,1.0,0.1723925552273995,0.0
0.964979163781448,-0.26232653976991605,0.0,0.0,0.0,0.08739199813815272,0.0
0.5534781579215351,-0.8328636915508949,0.0,0.0,0.0,0.13126643357446016,0.0
-0.9864872467066422,0.16383806665469555,0.0,0.0,1.0,0.13083414143297076,0.0
-0.7774391293498006,-0.628958186333419,0.0,0.0,1.0,0.15307458669620863,0.0
0.6621981359331941,-0.7493287854917914,0.0,0.0,1.0,0.13253703099556638,0.0
-0.988752537521002,0.14956075536643784,0.0,0.0,1.0,0.08304077310890912,0.0
-0.2863808841040775,-0.9581158537566148,0.0,0.0,1.0,0.1640153476046282,0.0
-0.3063249286479016,-0.9519270130051243,0.0,0.0,0.0,0.20658282971626973,0.0
-0.9540800702117651,0.29955169774967627,0.0,0.0,1.0,0.09080982888719408,0.0
0.8941549794403211,-0.44775760489586214,0.0,0.0,0.0,0.02823839617774837,0.0
0.5452278641912904,-0.8382878837901713,0.0,0.0,1.0,0.14496597841768943,0.0
-0.6323728976441501,-0.7746641325924037,0.0,0.0,0.0,0.10344098029739254,0.0
0.6001428698636615,-0.7998928276661869,0.0,0.0,1.0,0.11344485720223517,0.0
-0.8434642723344665,-0.5371852765064293,0.0,0.0,0.0,0.1478088877865506,0.0
0.5483224733223389,-0.8362669820396312,0.0,0.0,1.0,0.09718037850872006,0.0
0.8257479041262239,-0.5640393592925484,0.0,0.0,0.0,0.10655740143281642,0.0
0.56838802082559,-0.8227606321293992,0.0,0.0,0.0,0.11499402415317067,0.0
-0.12936910229301804,-0.9915965083499935,0.0,0.0,1.0,0.19348769689925083,0.0
0.6514767025408612,-0.758668640479153,0.0,0.0,1.0,0.12150348020567908,0.0
0.7516678001111445,-0.6595419003187534,0.0,0.0,1.0,0.058216320959251985,0.0
-0.998844222801763,0.048064733178725054,0.0,0.0,0.0,0.060206075942944234,0.0
0.21682375958536207,-0.9762107647835426,0.0,0.0,1.0,0.12696149608298005,0.0
0.08110451539673154,-0.9967056022629056,1.0,0.0,1.0,0.06352859996545104,0.0
0.900487872230869,-0.43488112394667366,0.0,0.0,1.0,0.04188482565379195,0.0
0.09259517695320565,-0.9957038380989623,0.0,0.0,1.0,0.15177679954670054,0.0
0.3965487456198405,-0.9180136667541127,0.0,1.0,0.0,0.15422492014343223,0.0
-0.695217957269874,-0.7187989926881532,0.0,0.0,0.0,0.10159317330530733,0.0
0.5728455216218145,-0.819663350625018,0.0,0.0,0.0,0.13468296455758544,0.0
-0.989698258325975,0.14316898220819885,0.0,0.0,0.0,0.12940608220977504,0.0
-0.9598787811142774,0.28041527341885125,0.0,0.0,0.0,0.15012096929845428,0.0
0.8244517238749278,-0.5659322883522903,0.0,0.0,1.0,0.15023749519698998,0.0
0.8095954389605868,-0.5869882666750799,0.0,0.0,0.0,0.0,0.0
0.7934738595447143,-0.608604333059842,0.0,0.0,1.0,0.10797505207588028,0.0
-0.7171053255030507,-0.696964814129927,0.0,0.0,1.0,0.14589520940890666,0.0
0.7795134835973206,-0.6263854475400668,0.0,0.0,0.0,0.09947717044804927,0.0
-0.9997753322679562,0.021196343753058063,0.0,0.0,1.0,0.12181013196299133,0.0
-0.9515028743542541,-0.30763985453057374,0.0,0.0,1.0,0.15753499908390386,0.0
-0.9959830262194912,-0.08954223295554044,0.0,0.0,1.0,0.12404626166260811,0.0
-0.4630145516814956,-0.8863506783046898,0.0,0.0,1.0,0.19539597086174332,0.0
-0.8716242827181877,0.49017457071537773,0.0,0.0,0.0,0.17634931261405606,0.0
0.916263864222664,-0.4005752502586143,1.0,0.0,1.0,0.1140717923514283,0.0
-0.056634726912149186,-0.9983949657863797,1.0,0.0,1.0,0.11009769146376105,0.0
0.20504869389669353,-0.9787517729900979,0.0,0.0,1.0,0.0,0.0
-0.9397769260992777,0.3417884274977618,0.0,0.0,1.0,0.1036748901554737,0.0
-0.6085936899141844,-0.7934820228566224,0.0,0.0,1.0,0.052336555364473666,0.0
-0.9907649777171298,-0.13559040869167485,0.0,0.0,1.0,0.13106147710003113,0.0
0.6663173345426389,-0.7456682973601554,0.0,0.0,1.0,0.12764353555600008,0.0
-0.9000629421832564,0.4357599110845559,0.0,0.0,1.0,0.15479278780133887,0.0
-0.3784016398631464,-0.925641506712443,0.0,0.0,1.0,0.18983352359740957,0.0
-0.36269918234075427,-0.9319062737900997,0.0,0.0,1.0,0.11868652851640157,0.0
-0.9112414464288434,0.411872585043323,1.0,0.0,0.0,0.23402081559615978,0.0
0.013215066257793666,-0.9999126771992652,0.0,0.0,1.0,0.1316225722609952,0.0
-0.04392243117448362,-0.9990349443536611,0.0,0.0,1.0,0.05448918031416834,0.0
-0.6296835196364243,-0.7768517652025287,1.0,0.0,0.0,0.09189640624449401,0.0
0.7663779964110633,-0.642389886764233,0.0,0.0,1.0,0.10136266498460889,0.0
0.21453593135015447,-0.9767160970106522,0.0,0.0,1.0,0.14960635755766893,0.0
0.6063267884003197,-0.7952155843971834,0.0,0.0,0.0,0.07263750498853497,0.0
0.8177452916921057,-0.5755802619230379,0.0,0.0,1.0,0.1051012058595302,0.0
-0.9976864172014268,0.06798391671403323,0.0,0.0,0.0,0.11194798596019566,0.0
-0.6417117267789106,-0.7669459301113923,0.0,0.0,0.0,0.09759395961722281,0.0
0.08817814333028931,-0.9961047209198554,0.0,0.0,0.0,0.16057076908398593,0.0
-0.08177375602568286,-0.9966509182384031,0.0,0.0,0.0,0.15206606942326778,0.0
-0.1589543076356544,-0.987285940386102,0.0,0.0,1.0,0.17832835675519793,0.0
-0.7485402840999347,-0.6630893175731224,0.0,0.0,0.0,0.10344874094444001,0.0
-0.9625970822027451,0.27093699882954647,0.0,0.0,1.0,0.1801263783823951,0.0
-0.9568540334044691,0.2905690258055721,0.0,0.0,1.0,0.0518001457011477,0.0
-0.02340161195462359,-0.999726144780622,0.0,0.0,1.0,0.050580784950507135,0.0
0.1872753691572401,-0.982307454978847,0.0,0.0,1.0,0.05930991569543933,0.0
-0.2241698562337699,-0.9745500887877088,0.0,0.0,1.0,0.12046058463160447,0.0
-0.5842096488834391,-0.8116027884079065,0.0,0.0,1.0,0.1801189058288878,0.0
-0.2597375983273766,-0.965679232465484,0.0,0.0,1.0,0.08989289596801849,0.0
-0.8034093405617955,-0.5954271000702445,0.0,0.0,1.0,0.09616532975177813,0.0
-0.5462161391122015,-0.8376442737662332,0.0,0.0,0.0,0.10919910223453311,0.0
0.2157659605307402,-0.9764451086857096,0.0,0.0,1.0,0.14864140616938273,0.0
0.13195351128916089,-0.9912559058378726,0.0,1.0,0.0,0.0961187348322713,0.0
0.020495823639587456,-0.9997899385437597,0.0,0.0,0.0,0.09332915210417493,0.0
0.8343214142720655,-0.5512783123677735,0.0,0.0,0.0,0.052730236832115474,0.0
0.6771044481845067,-0.7358869249067785,0.0,0.0,1.0,0.09141394444114394,0.0
-0.9135965015603602,-0.406621977193401,0.0,0.0,0.0,0.17887308764676663,0.0
-0.015251121040497905,-0.9998836948900648,0.0,0.0,0.0,0.12454630042392383,0.0
0.5470505152405873,-0.8370995960905774,0.0,0.0,0.0,0.08300727448760423,0.0
-0.5695825390628261,-0.8219341404241244,0.0,0.0,0.0,0.1818071986364467,0.0
-0.9528216586449713,-0.30353070160536627,0.0,0.0,1.0,0.09073932489699063,0.0
0.4194938989698157,-0.9077581554175661,0.0,0.0,1.0,0.1909977789741233,0.0
-0.997829172505965,-0.06585546671356152,0.0,0.0,0.0,0.190180348895005,0.0
-0.9619158886473484,0.27334561121002443,0.0,0.0,1.0,0.12280058131873343,0.0
-0.6625145941099638,-0.7490490054671389,0.0,0.0,0.0,0.04507252363141562,0.0
-0.8235800538372323,-0.5672000484145444,0.0,0.0,1.0,0.23447503076728776,0.0
0.9044378862956454,-0.4266053326355229,0.0,0.0,1.0,0.1393638028132273,0.0
-0.9433595173904827,0.3317722425833655,0.0,0.0,1.0,0.10380564876397048,0.0
-0.02677928023134689,-0.9996413707676823,0.0,0.0,1.0,0.16780639573875278,0.0
-0.9651966631631925,0.26152514490702145,0.0,0.0,0.0,0.15511513935106735,0.0
-0.6142937019522657,-0.7890774662488981,0.0,0.0,1.0,0.185546917494322,0.0
0.9617381260901585,-0.2739703940658377,0.0,0.0,0.0,0.08688261056600519,0.0
0.9237747038961296,-0.3829364130526347,0.0,0.0,1.0,0.1359236706387196,0.0
-0.8450908135720797,-0.5346227799262583,0.0,0.0,0.0,0.060706488487753146,0.0
-0.5695702397081911,-0.8219426634740125,0.0,0.0,1.0,0.1533167197870617,0.0
0.9386506692907131,-0.3448694260732552,0.0,0.0,1.0,0.11885273151864062,0.0
-0.939541458732448,-0.3424351724383809,0.0,0.0,1.0,0.1340504627743406,0.0
-0.9997921027599536,0.020389979372979882,0.0,0.0,1.0,0.11268251380797649,0.0
-0.3713906696989353,-0.9284766935473266,0.0,0.0,0.0,0.10745055897058194,0.0
-0.2726614611614626,-0.9621100392352718,0.0,0.0,0.0,0.07658844129926429,0.0
0.9609374788974616,-0.27676553551732297,0.0,0.0,1.0,0.15952151073421167,0.0
-0.9795636454311922,-0.20113444396610305,0.0,0.0,1.0,0.1944852018370719,0.0
0.18241343069754928,-0.9832219181350416,0.0,0.0,1.0,0.09216658205449574,0.0
-0.9938476121977744,0.11075614533190589,0.0,0.0,1.0,0.14767702524855475,0.0
0.03931536901064358,-0.9992268520008641,0.0,0.0,1.0,0.1416091812330121,0.0
-0.576292435487088,-0.8172435553740148,0.0,0.0,1.0,0.12040489056744293,0.0
0.37918730105894716,-0.9253199396509465,0.0,0.0,1.0,0.04367021333176416,0.0
0.6906966369647559,-0.7231446298532377,0.0,0.0,0.0,0.054920132444470374,0.0
-0.9707459962119066,-0.24010874794257903,0.0,0.0,1.0,0.08095090244242147,0.0
-0.3719372687839549,-0.9282578672381571,0.0,0.0,1.0,0.01304976382140341,0.0
-0.4941716850186398,-0.8693643342844461,0.0,0.0,1.0,0.19040153649528074,0.0
-0.9187491031893684,0.39484184857830257,0.0,0.0,1.0,0.13838516145898566,0.0
-0.9211984251367284,0.38909312706036253,0.0,0.0,1.0,0.11850194758004391,0.0
-0.9994786482940089,0.03228670940775689,0.0,0.0,1.0,0.010488209036608562,0.0
0.621369174232488,-0.783517931711608,0.0,0.0,1.0,0.02880645724897997,0.0
-0.6545188330056237,-0.7560456978522901,0.0,0.0,0.0,0.11988293059065208,0.0
-0.9940776991789176,0.10867165221505268,0.0,0.0,0.0,0.21852449827419884,0.0
0.03454248495480387,-0.9994032302995359,0.0,0.0,0.0,0.0850677902063459,0.0
0.821987994642815,-0.5695048170674971,0.0,0.0,0.0,0.1631899007206219,0.0
-0.992836313253311,-0.11948244676760418,0.0,0.0,1.0,0.09600487961625195,0.0
-0.324642089663888,-0.9458369381762716,0.0,0.0,1.0,0.12276196296444332,0.0
-0.5743849704449336,-0.8185853075440412,0.0,0.0,1.0,0.18073419244464659,0.0
-0.8947930665914532,0.44648109476198794,0.0,0.0,0.0,0.10270241849167279,0.0
-0.6871664967616389,-0.7264999695308572,0.0,0.0,0.0,0.08549475459739334,0.0
-0.13694284432732867,-0.9905789506079468,0.0,0.0,1.0,0.1909035277062382,0.0
0.04977451033818869,-0.9987604808564432,0.0,0.0,1.0,0.12227789105567977,0.0
-0.11208918642684215,-0.9936981504894575,0.0,0.0,1.0,0.17456025452930815,0.0
0.7870661612128543,-0.6168685904418065,0.0,0.0,1.0,0.08573755533076564,0.0
-0.9847360193071673,-0.1740545095051382,1.0,0.0,0.0,0.1903337104480488,0.0
-0.9995877705819607,-0.028710431954004894,0.0,0.0,1.0,0.13368136372673053,0.0
0.3345069521853935,-0.9423932825204342,0.0,0.0,1.0,0.14173938131073294,0.0
0.271602704900496,-0.962409461035548,0.0,0.0,1.0,0.12658146557145872,0.0
-0.9954042578810167,0.09576201434985825,0.0,0.0,1.0,0.09472625090017492,0.0
0.9416221280780201,-0.33667160247609335,0.0,0.0,1.0,0.11991585947525141,0.0
-0.44602913800318583,-0.8950184400626252,0.0,0.0,0.0,0.09787048810053169,0.0
-0.265838193999799,-0.964017663018124,0.0,0.0,1.0,0.16797730313223927,0.0
-0.8622903140288443,-0.5064142714537547,0.0,0.0,1.0,0.10984714164656688,0.0
0.6837657620267649,-0.7297015709726529,0.0,0.0,1.0,0.04517463861030502,0.0
-0.8223873379509216,-0.5689279975339557,0.0,1.0,1.0,0.03602881325053581,0.0
0.02682019843478183,-0.9996402737764816,0.0,0.0,1.0,0.03366409238397877,0.0
-0.7150754358403598,-0.6990472952939017,0.0,0.0,1.0,0.15089853787769708,0.0
0.9217377979662857,-0.3878136560260128,0.0,0.0,1.0,0.06242478443132778,0.0
-0.25943944580855455,-0.9657593768421563,0.0,0.0,1.0,0.13500428879192833,0.0
-0.45148382160761524,-0.8922793053896202,0.0,0.0,0.0,0.12682872587457067,0.0
0.5476559784623526,-0.836703608964634,0.0,0.0,0.0,0.11676457025451113,0.0
0.7404925177040013,-0.6720646034604035,0.0,0.0,0.0,0.14192026016911846,0.0
0.6190598323824636,-0.7853438252960266,0.0,0.0,1.0,0.1279151768545263,0.0
0.13731471075075388,-0.9905274707000492,0.0,0.0,0.0,0.0,0.0
0.8302265858453086,-0.5574260633982253,0.0,0.0,0.0,0.10381873795757549,0.0
-0.9413094660621081,0.33754479569661433,0.0,0.0,1.0,0.14125515670317154,0.0
-0.06930103523604461,-0.997595793152323,0.0,0.0,1.0,0.2020141405377499,0.0
-0.9920029066251729,-0.12621502781843616,0.0,0.0,1.0,0.20432288082912486,0.0
-0.906224131870457,0.422797614486691,0.0,0.0,0.0,0.05184247432073716,0.0
0.8594654845393644,-0.5111937801709989,0.0,0.0,1.0,0.10251373503436134,0.0
-0.7888218369729166,-0.614621924043288,0.0,0.0,1.0,0.04169425931460009,0.0
-0.9963082729374041,0.08584768649466969,0.0,0.0,0.0,0.19599425375550417,0.0
-0.750984317865265,-0.6603200393146059,0.0,0.0,1.0,0.17064281040742754,0.0
-0.1505723006431687,-0.9885989997360017,0.0,0.0,0.0,0.13752939434315872,0.0
-0.15746678348617046,-0.987524284308249,0.0,0.0,0.0,0.1283047430630105,0.0
0.9271820057623581,-0.3746111693349393,0.0,0.0,0.0,0.1890315550174737,0.0
-0.48857778801980767,-0.8725203407678653,0.0,0.0,0.0,0.18056625973800694,0.0
-0.8768032688166854,0.4808492776248867,0.0,0.0,1.0,0.17790223483280604,0.0
-0.9275236664161975,0.373764428802226,0.0,0.0,1.0,0.14283399298911298,0.0
0.9213357708701022,-0.3887677935673099,0.0,0.0,0.0,0.10253858502429186,0.0
-0.8880595590380774,-0.4597284193968167,0.0,0.0,0.0,0.15835624160087786,0.0
0.2782510732962466,-0.960508375918444,0.0,0.0,1.0,0.16080209526275574,0.0
-0.9813501293328514,0.1922288314962038,0.0,0.0,1.0,0.110468126520402,0.0
0.9149781523633692,-0.403503383750019,0.0,0.0,1.0,0.10243755405828792,0.0
-0.9537408281003796,0.30063005973189405,0.0,0.0,1.0,0.1766656634779105,0.0
-0.9995638740491553,-0.02953069074445068,0.0,0.0,1.0,0.20320580543848032,0.0
0.7889408853896275,-0.6144691036664339,0.0,0.0,0.0,0.08253021095426169,0.0
0.8936398535592638,-0.4487848171792106,0.0,0.0,0.0,0.10683116622760128,0.0
-0.9992413170566188,-0.03894599192412318,0.0,0.0,0.0,0.1375466538227349,0.0
0.7024916664111365,-0.711691968918369,1.0,0.0,1.0,0.14432994988743053,0.0
-0.48946068046439517,-0.872025367910436,0.0,0.0,1.0,0.09388168203793529,0.0
-0.9720829747844923,0.23463735877760816,0.0,0.0,1.0,0.21417603151720221,0.0
-0.5828660967042576,-0.8125682207130321,0.0,0.0,1.0,0.14110476327725857,0.0
-0.04293051982667806,-0.9990780602472518,0.0,0.0,1.0,0.14656917042352763,0.0
-0.20412241173875434,-0.9789453718292734,0.0,0.0,1.0,0.2079442040755877,0.0
0.8885543992119876,-0.4587712715951422,0.0,0.0,1.0,0.0975469187377705,0.0
-0.9142065540645425,0.40524853670980054,0.0,0.0,1.0,0.1155784061778861,0.0
0.24906911254715614,-0.9684857134594047,1.0,0.0,1.0,0.05733388854891855,0.0
0.6166803485362783,-0.7872136607866852,0.0,0.0,1.0,0.11138247638732109,0.0
0.3292090673791615,-0.9442570571382258,0.0,0.0,1.0,0.04555362380323186,0.0
-0.9201445751875514,0.39157880529073646,0.0,0.0,1.0,0.1573924677096586,0.0
0.8349844549326401,-0.5502735320009877,0.0,0.0,1.0,0.1409998375034996,0.0
-0.9974106300444523,0.07191686223917607,0.0,0.0,1.0,0.10614653464807298,0.0
-0.891240623386387,-0.4535307610579951,0.0,0.0,1.0,0.11497881460910761,0.0
-0.9984926821522734,-0.054885004221182906,0.0,0.0,0.0,0.15807332075944952,0.0
-0.9040823977119522,0.4273581848372715,0.0,0.0,1.0,0.06321019565550509,0.0
-0.9999073743067204,-0.013610393346266215,0.0,0.0,0.0,0.13020839337262616,0.0
-0.94574813820991,0.3249006910926614,0.0,0.0,1.0,0.15497549032293723,0.0
0.7688153248340964,-0.6394708721280765,0.0,0.0,0.0,0.030886296129637905,0.0
-0.9853447631525949,-0.17057461044292796,0.0,0.0,0.0,0.15424690028510096,0.0
-0.5211103389222103,-0.8534893172549842,0.0,0.0,1.0,0.03629687683692165,0.0
-0.5147633912517398,-0.8573322874049526,0.0,0.0,0.0,0.11412027580742337,0.0
-0.9839171420994824,0.17862546706107396,0.0,0.0,1.0,0.06183044479523868,0.0
-0.9099486431929441,0.414720950461054,0.0,0.0,0.0,0.19156232896450076,0.0
-0.8865548485221492,-0.46262349763265287,0.0,0.0,1.0,0.062143947292382616,0.0
-0.3284213516936633,-0.9445313206832832,0.0,0.0,1.0,0.037490505401730864,0.0
-0.24190076576875955,-0.9703009942901676,0.0,0.0,0.0,0.12666760707981578,0.0
-0.005874467988342718,-0.9999827451640623,0.0,0.0,0.0,0.09931485099895884,0.0
0.0782535927476349,-0.9969334858565476,0.0,0.0,1.0,0.04476973856680333,0.0
-0.023452179808444825,-0.9997249598075625,0.0,0.0,0.0,0.14629075995774246,0.0
0.8433738071857448,-0.5373272944426164,0.0,0.0,1.0,0.02042504687751602,0.0
0.8651510999835296,-0.5015112901992225,0.0,0.0,1.0,0.06818795137084374,0.0
-0.9746622049345872,-0.22368188632978012,0.0,0.0,0.0,0.09123908647896076,0.0
-0.2076421880156735,-0.9782048465204329,0.0,0.0,1.0,0.160111119607757,0.0
-0.9589016081425268,0.2837387987245947,0.0,0.0,1.0,0.18477341835065758,0.0
-0.6994525272948751,-0.7146790622795746,0.0,0.0,0.0,0.17513911236637864,0.0
0.9281008638943026,-0.3723288686613612,0.0,0.0,1.0,0.11233631047688836,0.0
0.6982022601889162,-0.7159005544536817,0.0,0.0,1.0,0.0,0.0
0.5716467745073682,-0.8204998264444192,0.0,0.0,1.0,0.13954265106092792,0.0
-0.904317180837911,0.4268611442159767,0.0,0.0,0.0,0.19352868696123066,0.0
0.5351292300487863,-0.8447702096708862,0.0,0.0,1.0,0.1816895203906784,0.0
-0.43165059722945087,-0.9020408870508356,0.0,0.0,1.0,0.143147450487186,0.0
-0.9534304778520821,0.3016128709169262,0.0,0.0,0.0,0.060524861783077366,0.0
-0.9021898092754088,0.43133924936133683,0.0,0.0,1.0,0.09373464981857925,0.0
0.4834308204974265,-0.8753825688195904,0.0,0.0,1.0,0.21669071993728373,0.0
0.9093963140717406,-0.41593069609339023,0.0,0.0,0.0,0.04916352326679331,0.0
0.7076945109390377,-0.7065185625210114,0.0,0.0,0.0,0.0626079385924807,0.0
0.8882242376968108,-0.45941016920386013,0.0,0.0,1.0,0.1671275775582642,0.0
0.6011286346801208,-0.7991522787101428,0.0,0.0,0.0,0.0984420377597236,0.0
-0.5859636173681885,-0.8103373613013207,0.0,0.0,0.0,0.0609122438897689,0.0
-0.9746538699021515,0.22371820195227698,0.0,0.0,1.0,0.19639855893615077,0.0
-0.49633290886126324,-0.8681322730905221,0.0,0.0,0.0,0.14305279890725697,0.0
-0.732162165061205,-0.6811303576063019,0.0,0.0,0.0,0.10090994178114109,0.0
0.5826321235072278,-0.8127360018219068,0.0,0.0,1.0,0.06271125820502421,0.0
-0.9879971162112234,-0.15447232230502053,0.0,0.0,1.0,0.2223703281929969,0.0
-0.7128691232013898,-0.7012970933820286,0.0,0.0,0.0,0.11877740906266962,0.0
-0.9981276723045364,0.06116493913941299,0.0,0.0,0.0,0.1898664031234747,0.0
-0.9395468477086125,0.34242038631017463,0.0,0.0,1.0,0.164681677230472,0.0
0.12462929813484755,-0.9922033753452038,0.0,0.0,0.0,0.0939549219168383,0.0
0.8418602657662474,-0.539695555775646,0.0,0.0,0.0,0.09435294425051094,0.0
0.5141978497262355,-0.8576715987701329,0.0,0.0,0.0,0.192315744896696,0.0
-0.18016044323755542,-0.983637237345378,0.0,0.0,0.0,0.1931258666309989,0.0
-0.9431631502576654,0.3323300648392143,0.0,0.0,1.0,0.026154201193963278,0.0
0.02145865315154823,-0.9997697365918422,0.0,0.0,1.0,0.1474890130491096,0.0
-0.9672711924665462,-0.25374483290176714,0.0,0.0,1.0,0.11393925976381901,0.0
-0.50592770655387,-0.8625758840479725,0.0,0.0,1.0,0.0683338418530747,0.0
0.6340868374535369,-0.7732618460574476,0.0,0.0,1.0,0.13308730473585986,0.0
0.2157042402935851,-0.9764587450165866,0.0,0.0,0.0,0.05252016045068027,0.0
-0.7919958252044319,-0.6105265046324779,0.0,0.0,0.0,0.09667723226769499,0.0
-0.8310467190437418,-0.5562026166484945,0.0,0.0,1.0,0.08007631336150162,0.0
-0.16983370791679886,-0.9854727351150977,0.0,0.0,0.0,0.09501043679220007,0.0
0.5062461186123982,-0.8623890464227162,0.0,0.0,1.0,0.11642607531690045,0.0
-0.9119184062229815,-0.4103715638195918,0.0,0.0,1.0,0.06922166690472567,0.0
0.6700348796255726,-0.7423296168718748,0.0,0.0,1.0,0.19865895144366488,0.0
-0.9529233155759377,0.3032114025424536,0.0,0.0,1.0,0.14466416166970625,0.0
0.6205841134293023,-0.784139884305834,0.0,0.0,1.0,0.20972815141910273,0.0
0.8097763836610078,-0.5867386202261619,0.0,0.0,0.0,0.11199600154609902,0.0
-0.3752748613426211,-0.9269135765778148,0.0,0.0,1.0,0.09256050188514454,0.0
-0.44326162595862323,-0.896392286308019,0.0,0.0,1.0,0.20792078072465142,0.0
-0.4082925161774971,-0.9128511495492835,0.0,0.0,1.0,0.09109701300630074,0.0
-0.17622855636412105,-0.9843492753701898,0.0,0.0,1.0,0.11108539890054375,0.0
-0.8747135789483222,0.4846402323408749,0.0,0.0,0.0,0.15600237052486574,0.0
-0.33914381868733506,-0.9407345376067427,0.0,0.0,0.0,0.05811370958513607,0.0
-0.31232800863553023,-0.9499743233486704,0.0,0.0,1.0,0.1555647342396825,0.0
-0.12610170383817682,-0.9920173185429318,0.0,0.0,1.0,0.14916735330823014,0.0
0.8826932732598799,-0.46994955616721146,0.0,0.0,1.0,0.18346626590189163,0.0
-0.6511258905125232,-0.7589697455790143,0.0,0.0,0.0,0.16450222515050705,0.0
0.5082342346404498,-0.8612188820151566,0.0,0.0,1.0,0.18499891764387855,0.0
-0.7585183353327183,-0.6516516975839792,0.0,0.0,1.0,0.11447890497457949,0.0
0.9069519525552305,-0.4212340866504691,0.0,0.0,1.0,0.07686648406464697,0.0
-0.8959406900336122,0.4441737046945652,0.0,0.0,1.0,0.22549927070416811,0.0
-0.28327877976806665,-0.959037607674024,0.0,0.0,1.0,0.04366521922390165,0.0
-0.9852072971431383,0.17136680441646826,0.0,0.0,1.0,0.0486743460563096,0.0
-0.3046054560709328,-0.9524786171520172,0.0,0.0,0.0,0.14825640202544155,0.0
0.8928649315448417,-0.4503245651942886,0.0,0.0,1.0,0.2012493024088675,0.0
-0.996682485229373,-0.08138810500927525,0.0,0.0,1.0,0.12947754229570824,0.0
-0.781475034683928,-0.6239365113260752,1.0,0.0,1.0,0.1699651849851103,0.0
-0.9760787760375684,-0.2174171634646225,0.0,0.0,1.0,0.020209863626402064,0.0
-0.14769070879028276,-0.9890335962630511,0.0,0.0,0.0,0.09502275189094314,0.0
-0.7592447868726361,-0.6508051579441618,0.0,0.0,0.0,0.026302609642837038,0.0
-0.9994121654488148,0.034282992181411454,0.0,1.0,1.0,0.159020547911433,0.0
-0.7438190156307669,-0.6683810829056107,0.0,0.0,0.0,0.04263843367054926,0.0
0.12539628324302665,-0.9921067342523356,0.0,0.0,0.0,0.05610905769836763,0.0
-0.8109951130849432,-0.5850529262830331,0.0,0.0,0.0,0.14570126024807015,0.0
-0.8291504446238689,-0.5590255273062588,0.0,0.0,1.0,0.17309121760088647,0.0
-0.9251139391379146,0.37968960956646,0.0,0.0,1.0,0.11205159458853917,0.0
0.04661999177102909,-0.9989126970698036,0.0,0.0,1.0,0.1485086252054255,0.0
-0.13728799885080578,-0.9905311733466752,0.0,0.0,0.0,0.1468894083436546,0.0
-0.9933003068606144,-0.11556167353672801,0.0,0.0,1.0,0.10922865702787639,0.0
-0.4007272678062494,-0.9161973896691359,0.0,0.0,1.0,0.06526472585568754,0.0
-0.9312578865455657,-0.36436073985363227,0.0,1.0,1.0,0.1482445703442321,0.0
-0.25280138017433335,-0.9675181973389194,0.0,0.0,1.0,0.15065478453875414,0.0
0.5443235181715775,-0.8388753826196811,0.0,0.0,1.0,0.16470122015451294,0.0
-0.9415572902238724,-0.33685288959170095,0.0,0.0,1.0,0.13560332120394486,0.0
0.7595522600509874,-0.6504462808345031,0.0,0.0,1.0,0.061575004326033675,0.0
0.5916781520512762,-0.8061742766828938,0.0,0.0,0.0,0.154517008068459,0.0
-0.7340958489795809,-0.6790458633339491,0.0,0.0,0.0,0.11993094598858293,0.0
-0.9439024974013561,-0.33022428045115465,0.0,0.0,1.0,0.09586312778383284,0.0
-0.9863887134527414,0.1644302465273516,0.0,0.0,0.0,0.10526820814031439,0.0
0.37210720666451286,-0.9281897579419488,0.0,0.0,1.0,0.085487141080481,0.0
0.8029087227268505,-0.596101990408636,0.0,0.0,0.0,0.16444218894272145,0.0
-0.9308703871028399,0.3653495893182433,0.0,0.0,0.0,0.049094263320998976,0.0
0.7057169913385373,-0.7084938448117124,0.0,0.0,1.0,0.07032570325967907,0.0
0.5941903917559304,-0.8043244235660968,0.0,0.0,1.0,0.10356135576641526,0.0
0.31218165685345173,-0.9500224276953854,0.0,0.0,1.0,0.20068754241194997,0.0
-0.473032355702831,-0.8810450558616344,0.0,0.0,1.0,0.17271402745464243,0.0
-0.9922215566652935,0.12448446685712082,0.0,0.0,1.0,0.03795795983763872,0.0
-0.9578549605150912,-0.2872522839189152,0.0,0.0,1.0,0.1875673544376243,0.0
-0.8917242623087241,-0.45257909807011826,0.0,0.0,0.0,0.18747101084918422,0.0
0.6539461444303205,-0.7565411027728225,0.0,0.0,1.0,0.06129958369886784,0.0
0.09153441225003603,-0.9958019137228249,0.0,0.0,1.0,0.0,0.0
-0.3138095204351564,-0.9494859582343791,0.0,0.0,1.0,0.11638891888263787,0.0
0.7223873646339906,-0.6914886083061369,0.0,0.0,1.0,0.1761212204649911,0.0
0.36944199976268577,-0.9292537913892779,0.0,0.0,0.0,0.1995630984900101,0.0
0.2567115331570912,-0.9664880696336275,0.0,0.0,1.0,0.07645863678193748,0.0
0.7680727924611095,-0.6403625422219772,0.0,0.0,1.0,0.20759895523314825,0.0
-0.5343042538931693,-0.8452922360176176,1.0,0.0,1.0,0.00860338020916493,0.0
-0.8868536171239951,-0.46205049701746476,0.0,0.0,1.0,0.10159746930853561,0.0
0.8776764425593205,-0.47925365118736,0.0,0.0,1.0,0.09913946653921263,0.0
-0.32257967830920814,-0.9465423134450608,0.0,0.0,0.0,0.17761685124621515,0.0
-0.9764136592124474,-0.21590823537641793,0.0,0.0,1.0,0.184915123296989,0.0
-0.9447092251164485,-0.3279092557093797,0.0,0.0,1.0,0.16771118277166977,0.0
-0.9944105130721043,-0.10558281816505174,0.0,0.0,1.0,0.052472497562705264,0.0
-0.21485334405667406,-0.976646323162927,0.0,0.0,0.0,0.1631309515899461,0.0
-0.9962078160490307,-0.0870056736243135,0.0,0.0,1.0,0.1454520984296746,0.0
0.47029043753019706,-0.8825117021137203,0.0,0.0,1.0,0.036438280736020456,0.0
0.08092854514229239,-0.996719905781535,0.0,0.0,0.0,0.016649308559915643,0.0
0.6509155044511666,-0.7591501867648346,0.0,0.0,0.0,0.1718994645010388,0.0
-0.278311996494922,-0.9604907248937964,0.0,0.0,1.0,0.11099503495103777,0.0
-0.025334310214845467,-0.9996790348536564,0.0,0.0,0.0,0.055740895377256225,0.0
0.4697676045003937,-0.8827901210151605,0.0,0.0,0.0,0.10959140356456157,0.0
-0.94886079601942,-0.31569477312333294,0.0,0.0,1.0,0.13820205405566013,0.0
0.23853141411743967,-0.9711347818295535,0.0,0.0,0.0,0.11585744366662264,0.0
0.37141897225955445,-0.9284653720229185,0.0,0.0,1.0,0.04240069234369567,0.0
0.7601382303262542,-0.6497613952801987,0.0,0.0,1.0,0.2142778451782055,0.0
-0.18344063957963413,-0.983030788811121,0.0,0.0,1.0,0.1702108984493946,0.0
0.2743267582404403,-0.9616365372183459,0.0,0.0,0.0,0.10323112741632663,0.0
0.05219296405591948,-0.998637018392097,0.0,0.0,1.0,0.10524526720488561,0.0
0.4845124406850361,-0.8747843704716205,1.0,0.0,1.0,0.1379743697356588,0.0
-0.9603682517340779,-0.2787343198481859,0.0,0.0,1.0,0.06351893021298341,0.0
-0.9595567915715052,0.2815151217057422,0.0,0.0,1.0,0.13613382182684844,0.0
-0.37617108093369717,-0.9265502241482508,0.0,0.0,0.0,0.05346337815696171,0.0
-0.7703429176586539,-0.6376298214584638,0.0,0.0,0.0,0.11647328915774169,0.0
-0.9974425372069118,0.07147296670936762,0.0,0.0,1.0,0.06157142500715705,0.0
-0.8680101298803512,0.4965464876777359,0.0,0.0,0.0,0.06409580088366426,0.0
-0.7025967480275377,-0.7115882304121736,0.0,0.0,0.0,0.2022861306809105,0.0
-0.9889978080458983,0.14793017163651376,0.0,0.0,1.0,0.1229612947142277,0.0
-0.9774947262728818,0.21095985425834912,0.0,0.0,1.0,0.13037032427005837,0.0
-0.9827196994712607,-0.18509995210997526,0.0,0.0,1.0,0.019431006945933846,0.0
-0.25682279592258617,-0.9664585099705552,0.0,0.0,1.0,0.0901499120739476,0.0
0.8587361252826375,-0.512418058946562,0.0,0.0,1.0,0.14306060593521736,0.0
0.9506128352937112,-0.3103791832176436,0.0,0.0,1.0,0.12970681329737524,0.0
-0.30991525583961976,-0.9507641843264096,0.0,0.0,0.0,0.012298508932314711,0.0
-0.36473595839337314,-0.9311109926613839,1.0,0.0,1.0,0.13035689583285406,0.0
-0.0773396613427072,-0.9970048027885299,0.0,0.0,0.0,0.13832794017748445,0.0
-0.5848533919633518,-0.8111390200877787,0.0,1.0,0.0,0.18418809990993498,0.0
-0.5398250075063262,-0.8417772634555978,0.0,0.0,1.0,0.08723844405308284,0.0
-0.9994728601445727,-0.03246539441354904,0.0,0.0,1.0,0.007896563993216449,0.0
0.8070825980172898,-0.5904385488581023,0.0,0.0,0.0,0.07016146240974222,0.0
0.5163891817464612,-0.8563540231558558,0.0,0.0,0.0,0.06514674805657214,0.0
-0.9836846088015458,-0.17990161313048256,0.0,0.0,1.0,0.1568354438889987,0.0
-0.9999835951644662,0.005727949192248894,0.0,0.0,0.0,0.0,0.0
-0.8746982046020765,0.48466798002952893,0.0,0.0,1.0,0.0975821769963689,0.0
-0.9958561252983771,0.09094271661712681,0.0,0.0,0.0,0.19128977367886274,0.0
-0.9889375417986496,0.1483325265113632,0.0,0.0,0.0,0.12036062314168174,0.0
0.2368746230008052,-0.971540227153887,0.0,0.0,1.0,0.1648158408088212,0.0
-0.05798253097916199,-0.9983175978120643,0.0,0.0,1.0,0.03791008332244561,0.0
0.38628285459435724,-0.922380375033226,0.0,0.0,1.0,0.03990052433968386,0.0
-0.6849081315860048,-0.7286294334484217,0.0,0.0,0.0,0.19186212289226173,0.0
-0.950694272196251,0.3101296516188682,0.0,0.0,0.0,0.12506076828786267,0.0
0.135629581994784,-0.9907596158947538,0.0,0.0,0.0,0.1251637181104572,0.0
-0.5536146388602158,-0.8327729772511071,0.0,0.0,1.0,0.06409235859465016,0.0
0.29606769472414113,-0.955166959301217,0.0,0.0,1.0,0.12503908644751158,0.0
0.6676897120556345,-0.7444396875604253,0.0,0.0,1.0,0.06270312158299518,0.0
0.6009619267790028,-0.7992776504832776,0.0,0.0,1.0,0.1793435224452825,0.0
0.8964915172418655,-0.44306089819953415,0.0,0.0,1.0,0.25639153549340854,0.0
-0.939020833313707,0.3438602544680487,0.0,0.0,0.0,0.14419705268326646,0.0
-0.062120291715250936,-0.9980686696601653,0.0,0.0,1.0,0.0882526807269228,0.0
-0.9991615488056956,-0.04094141409628456,0.0,0.0,1.0,0.0,0.0
-0.8467437387409166,-0.5320009782914448,0.0,0.0,0.0,0.03577679427288294,0.0
0.6098045711051763,-0.7925518185325373,0.0,0.0,0.0,0.1977430915513568,0.0
0.6532205759844407,-0.7571676690869438,0.0,0.0,1.0,0.06854040783644633,0.0
-0.9932472011846173,-0.11601722862973615,0.0,0.0,0.0,0.10145825591567438,0.0
0.39684699706745885,-0.9178847754040483,0.0,0.0,1.0,0.15276629872895892,0.0
-0.9740130960206899,0.22649169693432547,0.0,0.0,1.0,0.1941144899680896,0.0
0.7395041759797324,-0.6731519692525135,0.0,0.0,0.0,0.1100206539418081,0.0
-0.8401236571907655,-0.5423949120598506,0.0,0.0,0.0,0.09976665651669826,0.0
-0.9941931216914144,-0.10761057931950956,0.0,0.0,1.0,0.12358105142553419,0.0
0.4867166541048638,-0.8735598998448626,0.0,0.0,1.0,0.08861810916803914,0.0
0.3606409492941777,-0.9327047258871343,0.0,0.0,1.0,0.09130903983535224,0.0
-0.9199502999106702,0.3920350057000878,0.0,0.0,1.0,0.14059400587669368,0.0
0.3972034230779927,-0.917730592655124,0.0,0.0,0.0,0.12926457589172433,0.0
-0.15370373250000827,-0.9881169782042842,0.0,0.0,1.0,0.2265802653279292,0.0
-0.16230204849830956,-0.9867411236252659,0.0,0.0,1.0,0.1419424408317715,0.0
0.43300196449490536,-0.9013929768661129,0.0,0.0,1.0,0.1775572774046914,0.0
-0.971463333051554,-0.23718978168623867,0.0,0.0,1.0,0.06643574116384343,0.0
-0.9681940411004502,-0.25020051714091224,1.0,0.0,1.0,0.14625786450151357,0.0
0.021430779484618953,-0.9997703344722135,1.0,0.0,1.0,0.08385093266994703,0.0
-0.9992957273368975,-0.03752398334693416,0.0,0.0,1.0,0.1397726631648279,0.0
0.5512147197767857,-0.8343634296284801,0.0,0.0,1.0,0.15442572990574205,0.0
0.9620294520522118,-0.27294566013058563,0.0,0.0,0.0,0.12249344220007369,0.0
-0.5931046652774992,-0.8051253666517194,0.0,0.0,0.0,0.24036628607373967,0.0
-0.8759266467310003,0.4824443071967845,0.0,0.0,1.0,0.19139898845542264,0.0
0.9236413083838989,-0.3832580507267646,0.0,0.0,1.0,0.17886226664145483,0.0
0.5655483103722088,-0.8247151681854408,0.0,0.0,1.0,0.1582143096185007,0.0
-0.441323486123974,-0.8973480821818156,0.0,0.0,1.0,0.2081680408865022,0.0
-0.9924146470822336,-0.1229356264743698,0.0,0.0,1.0,0.048151535126539205,0.0
0.8446719869622012,-0.5352842557383198,0.0,0.0,0.0,0.1885141558995288,0.0
-0.03613366852579807,-0.9993469657725828,0.0,0.0,0.0,0.07043778440002385,0.0
-0.943684258925966,-0.3308474262486416,0.0,0.0,1.0,0.09178304404666351,0.0
0.04447506522756658,-0.9990104947261583,0.0,0.0,0.0,0.1480696222030834,0.0
0.6180914830107112,-0.786106175163139,0.0,0.0,1.0,0.18166100827553616,0.0
0.6001175032197669,-0.7999118591002843,0.0,0.0,1.0,0.06232116841590189,0.0
-0.08645178633552776,-0.9962560356853033,0.0,0.0,1.0,0.09437275611611345,0.0
-0.31707838331233207,-0.9483993351094453,0.0,0.0,1.0,0.12487660362506552,0.0
-0.9985799410591654,0.053273833298100905,0.0,0.0,0.0,0.11068169976521429,0.0
-0.7687215283523408,-0.6395836238113366,0.0,0.0,1.0,0.16270160306175938,0.0
-0.8627642242577387,-0.5056064609367076,0.0,0.0,0.0,0.291796380799226,0.0
-0.8935085954851325,0.449046088719394,0.0,0.0,1.0,0.140966035426294,0.0
-0.09253517715359011,-0.9957094159387837,0.0,0.0,0.0,0.08324017809188419,0.0
-0.06373300169334703,-0.9979669856739529,0.0,0.0,1.0,0.05517458346805022,0.0
-0.9656875461180782,0.25970668699986255,0.0,0.0,1.0,0.10373730432071972,0.0
0.45483410146031544,-0.890576184359759,0.0,0.0,1.0,0.0729875056985605,0.0
-0.9226321749976187,-0.38568104653866975,0.0,0.0,0.0,0.14337748959877117,0.0
-0.9518181782722509,-0.30666293468642986,0.0,0.0,1.0,0.14260108178921133,0.0
0.8283668773884975,-0.5601859659484786,0.0,0.0,1.0,0.09684158977375217,0.0
-0.280752545676292,-0.9597801873847374,0.0,0.0,0.0,0.21924775068918917,0.0
0.5862354665826588,-0.8101407147654118,0.0,0.0,1.0,0.08322763403800529,0.0
0.627308435841443,-0.7787709074703305,0.0,0.0,1.0,0.11402844660509129,0.0
-0.2663381581180975,-0.9638796530326073,0.0,0.0,1.0,0.15195813329449087,0.0
0.31831753546809705,-0.9479841489252427,0.0,0.0,1.0,0.16460274468849143,0.0
-0.9855021778347006,-0.16966277577318498,1.0,0.0,1.0,0.18387882607715994,0.0
-0.9782094136550438,0.20762067102448023,0.0,0.0,1.0,0.14142482394966194,0.0
-0.989094452286975,-0.14728260065306018,0.0,0.0,1.0,0.17254563503939985,0.0
0.3927220524917162,-0.9196572130346685,0.0,0.0,1.0,0.08674459139860304,0.0
0.36721227130209755,-0.9301371661239834,0.0,0.0,1.0,0.1659040980175191,0.0
0.4277991843991629,-0.9038738063620446,0.0,0.0,0.0,0.16523645750781998,0.0
0.7508904600842576,-0.6604267688051808,0.0,0.0,1.0,0.1956443337376768,0.0
-0.945287173794287,0.32623941984378513,0.0,0.0,1.0,0.03657820038857286,0.0
-0.05929453738441835,-0.9982405310526956,0.0,0.0,1.0,0.07464084421994663,0.0
0.5178113067525254,-0.8554948571436546,0.0,0.0,0.0,0.1611570484683651,0.0
-0.9999984507618059,0.0017602482745117632,0.0,0.0,1.0,0.0,0.0
-0.04960081615324761,-0.9987691219881258,0.0,0.0,1.0,0.1446003086894175,0.0
0.928175825542387,-0.37214195796591987,0.0,0.0,0.0,0.17299022124656835,0.0
0.6873587602682312,-0.7263180671596434,0.0,0.0,1.0,0.091181237622478,0.0
-0.7621467329390728,-0.6474043230241034,0.0,0.0,0.0,0.0984904999944044,0.0
-0.9769209578155158,-0.21360112869742798,0.0,0.0,0.0,0.06629313263800479,0.0
0.5572784739198983,-0.8303256605124939,0.0,0.0,0.0,0.09392264401342983,0.0
-0.9707494280087349,0.24009487295799165,1.0,0.0,1.0,0.09537157490191212,0.0
-0.9998641492035217,0.016482813398131322,0.0,0.0,1.0,0.08585793627672392,0.0
-0.9999712792089067,0.0075789680895691595,0.0,0.0,1.0,0.08311609111077514,0.0
0.5091326969341321,-0.8606880369289311,0.0,0.0,0.0,0.10644976075558032,0.0
0.907377952753275,-0.42031565621241773,0.0,0.0,0.0,0.10584478421719393,0.0
-0.997381052685345,0.0723258995400193,0.0,0.0,0.0,0.21370659499305283,0.0
0.26503370218325817,-0.9642391491258981,0.0,0.0,1.0,0.10029074284414949,0.0
-0.7155549076392542,-0.6985564931724408,0.0,0.0,0.0,0.13720751080959293,0.0
-0.9572869153283722,-0.2891396924344528,0.0,0.0,1.0,0.09115585167618492,0.0
0.765851609673535,-0.643017349657422,0.0,0.0,0.0,0.09052021120792714,0.0
-0.9753942137414937,-0.22046797454418002,0.0,0.0,1.0,0.03478147311336888,0.0
-0.9510040008811164,0.30917857349452527,0.0,0.0,1.0,0.04143168760944532,0.0
-0.9207305515310549,-0.39019898959033655,0.0,0.0,1.0,0.05965008601735001,0.0
-0.19146746122778208,-0.9814989614314361,0.0,0.0,0.0,0.12918484173800354,0.0
-0.9946086868826405,0.10369937308195121,0.0,0.0,1.0,0.17380868276422926,0.0
-0.4672238015256787,-0.8841390836785201,0.0,1.0,1.0,0.03066677365522409,0.0
-0.9410599563258888,-0.3382397945244117,0.0,0.0,1.0,0.09254615993255914,0.0
-0.9961926580302497,-0.08717905761492213,0.0,0.0,1.0,0.05165546453248257,0.0
-0.9462198740764002,-0.3235242647821666,0.0,0.0,0.0,0.1067861452933225,0.0
0.32339391489725644,-0.9462644322848799,0.0,0.0,1.0,0.17378847468535752,0.0
0.7882303305279024,-0.6153803263315085,0.0,0.0,1.0,0.09765587991960123,0.0
0.47752663362765263,-0.8786172740028741,0.0,0.0,0.0,0.11762415139001517,0.0
-0.3917047038156765,-0.9200909873532471,0.0,0.0,1.0,0.1927614198196157,0.0
-0.3992131811974973,-0.9168581329508804,0.0,0.0,1.0,0.14289504652539545,0.0
-0.6240930153955967,-0.78135005479902,0.0,0.0,1.0,0.08199540720915989,0.0
-0.035681934402351526,-0.9993631970196353,0.0,0.0,1.0,0.12794576429178625,0.0
-0.9797287459909425,-0.20032869060375585,0.0,0.0,1.0,0.07862254942988545,0.0
-0.97411431266227,0.22605597949736525,0.0,0.0,1.0,0.1410241006368,0.0
0.4522574884269536,-0.8918874167526661,0.0,0.0,1.0,0.14576700770363796,0.0
-0.9311960245019342,-0.3645188115197804,0.0,0.0,0.0,0.051642014975077366,0.0
-0.8406092528825149,-0.5416420256666761,0.0,0.0,0.0,0.12875747086928868,0.0
-0.4540316683353706,-0.8909855465430402,1.0,0.0,0.0,0.11412133710020402,0.0
0.6189103273184965,-0.7854616519846856,0.0,0.0,1.0,0.1472338698586056,0.0
-0.9850200433401546,-0.17243988580998323,0.0,0.0,1.0,0.16156735255095667,0.0
-0.9250631162329369,0.3798134160155587,0.0,0.0,0.0,0.14387248020623025,0.0
-0.9118199894465563,-0.41059019331406593,0.0,0.0,0.0,0.10484033233101238,0.0
-0.9703687311907894,0.2416289004386222,0.0,0.0,1.0,0.16666650104320002,0.0
-0.8916701504708755,0.4526856997512139,0.0,0.0,1.0,0.07634686118448741,0.0
0.11060371969372963,-0.9938645869482979,0.0,0.0,1.0,0.05397390033152502,0.0
-0.7598796905402107,-0.6500637321867093,0.0,0.0,1.0,0.0,0.0
-0.29932197346129474,-0.9541521661680782,0.0,0.0,1.0,0.11649295241314224,0.0
-0.8878747692664996,0.4600852030873848,0.0,0.0,1.0,0.07892267802532824,0.0
0.8358789750884111,-0.5489137810304523,0.0,0.0,0.0,0.13988772380376754,0.0
-0.09433607829172518,-0.9955404081866981,0.0,0.0,1.0,0.021438630297781605,0.0
-0.9950032317642679,0.09984272020864897,0.0,0.0,1.0,0.08764107245502499,0.0
0.3356158933917832,-0.9419989236208475,0.0,0.0,1.0,0.14351349529322427,0.0
-0.980338753014466,-0.19732189269830586,0.0,0.0,0.0,0.06850819268255097,0.0
0.006235728799023972,-0.9999805576541702,0.0,0.0,0.0,0.14046283743064308,0.0
-0.8980597052759931,0.43987357929250126,0.0,0.0,1.0,0.09214887024659796,0.0
-0.9919203288678026,0.12686237101201642,0.0,0.0,1.0,0.11835958451100012,0.0
0.27970384838813894,-0.9600863279918452,0.0,0.0,0.0,0.14975790032084277,0.0
-0.9667683371395098,-0.25565402853173863,0.0,0.0,0.0,0.16763985115576566,0.0
0.16182727877897235,-0.9868190978304954,0.0,0.0,1.0,0.12462462056603035,0.0
-0.6850654398844247,-0.7284815324192917,0.0,0.0,0.0,0.07929948525606276,0.0
-0.8028564945991447,-0.5961723316961075,0.0,0.0,1.0,0.0970980568810175,0.0
-0.9984124854869344,-0.05632502839592719,1.0,0.0,1.0,0.15184776815434792,0.0
0.9410703169604115,-0.338210967498144,0.0,0.0,1.0,0.06893732082586966,0.0
0.5309432887288809,-0.8474073543189015,0.0,0.0,1.0,0.11109667016798971,0.0
-0.8974430211127583,-0.441130393258054,0.0,0.0,1.0,0.10070579508192626,0.0
-0.5719602189702123,-0.8202813589955259,0.0,0.0,1.0,0.11483191083405177,0.0
-0.3688220801855483,-0.9295000124624018,0.0,0.0,0.0,0.06953587353753113,0.0
0.9005773275945476,-0.4346958442666124,0.0,0.0,1.0,0.027402782389394406,0.0
0.1233625118125539,-0.9923616733224321,0.0,0.0,0.0,0.14603713079798217,0.0
-0.9979217574723782,0.0644373025757592,0.0,0.0,1.0,0.16820657117443244,0.0
0.9334295854542284,-0.3587606569828238,0.0,0.0,1.0,0.030391252125092166,0.0
-0.04022013771393921,-0.9991908428935244,0.0,0.0,0.0,0.1384463080463108,0.0
-0.943778359128002,0.33057889957112524,0.0,0.0,0.0,0.17415914574225883,0.0
0.9068841696536114,-0.42137999813906657,1.0,0.0,1.0,0.14979555233811614,0.0
-0.9466077509134022,-0.32238760198039623,0.0,0.0,0.0,0.09916649106619667,0.0
0.4189060300459461,-0.9080295909226443,0.0,0.0,1.0,0.07282518151246212,0.0
-0.9975777613475632,0.06956011834941324,0.0,0.0,1.0,0.12404890396749946,0.0
-0.9425438992156789,-0.33408232226698853,0.0,0.0,1.0,0.13238925294234402,0.0
-0.9909539253987293,0.1342025250762803,0.0,0.0,1.0,0.12479037555779493,0.0
0.543096280496495,-0.839670429460793,0.0,0.0,1.0,0.11099326849412171,0.0
-0.4787238410775294,-0.8779655368999266,0.0,0.0,1.0,0.06586741379386213,0.0
-0.9742034834122738,-0.22567138256188252,0.0,0.0,0.0,0.14113441456544257,0.0
0.4553669996361765,-0.8903038220980221,0.0,0.0,0.0,0.1435427247206762,0.0
0.5000675696520652,-0.8659863889128263,0.0,0.0,0.0,0.1300411062730836,0.0
0.9378858099125004,-0.34694409861643893,0.0,0.0,0.0,0.12554968225356286,0.0
-0.9277679998507299,0.37315752498506044,0.0,0.0,1.0,0.20396247438730525,0.0
-0.8945703170348585,-0.44692722884173525,0.0,0.0,1.0,0.08878106077133019,0.0
-0.7539564385162745,-0.6569244163675569,0.0,0.0,0.0,0.18407175487283278,0.0
-0.9401631353357844,-0.3407246380225349,0.0,0.0,1.0,0.0832987765389081,0.0
-0.4796802258571563,-0.8774433776156884,0.0,0.0,1.0,0.1754475286478214,0.0
-0.3064612049827238,-0.9518831492575845,0.0,0.0,1.0,0.18166837750402717,0.0
-0.2191444433847562,-0.975692427424537,0.0,0.0,1.0,0.10534743982990587,0.0
-0.7647600121771562,-0.6443152363360624,0.0,0.0,1.0,0.20304815270304166,0.0
0.5835508464601841,-0.812076603280505,0.0,0.0,1.0,0.14345179433730446,0.0
-0.9898471899065169,0.14213564167432433,0.0,0.0,1.0,0.07613637794297162,0.0
-0.993153763179209,-0.11681439416003317,0.0,0.0,1.0,0.10129217028053955,0.0
0.11901217385657029,-0.9928927950559081,0.0,0.0,0.0,0.17663811530533258,0.0
-0.6133043289710836,-0.7898466940269668,0.0,0.0,1.0,0.16615323509383248,0.0
0.7372735224363216,-0.6755943702506251,0.0,0.0,0.0,0.06709797993103545,0.0
-0.9091814768910653,0.41640009855688226,0.0,0.0,0.0,0.11303713439047514,0.0
-0.9814131872546203,0.19190663324316712,0.0,0.0,1.0,0.13017614913882558,0.0
-0.9669569458960894,0.2549397277462015,0.0,0.0,0.0,0.09461977054621955,0.0
0.1775692209150167,-0.9841083130345125,0.0,0.0,1.0,0.23788998616873597,0.0
0.6693735314860539,-0.7429260227949273,0.0,0.0,1.0,0.13168318717026628,0.0
0.5549087236519886,-0.8319112383030541,0.0,0.0,1.0,0.11690939045484752,0.0
0.8429196951557256,-0.5380393921624871,0.0,0.0,0.0,0.1795425522129045,0.0
0.7834595287054471,-0.6214428106275256,0.0,0.0,0.0,0.10173932325805825,0.0
0.8754275445717146,-0.48334937075074236,0.0,0.0,1.0,0.17037138053086615,0.0
-0.8828205686099122,0.46971038272457993,0.0,0.0,1.0,0.036613380220850755,0.0
0.8708601749867428,-0.491530828760577,0.0,0.0,1.0,0.09731729768772168,0.0
0.7564735704885074,-0.6540242634278711,0.0,0.0,0.0,0.17245352091886235,0.0
-0.9979320816344969,-0.06427721559495206,0.0,0.0,1.0,0.19850988602948355,0.0
-0.6176790289637581,-0.7864303002672194,0.0,0.0,1.0,0.08133521434970034,0.0
-0.9703436513593044,-0.2417295974155682,0.0,0.0,0.0,0.07550891818906758,0.0
-0.743469885764777,-0.668769413894587,0.0,0.0,1.0,0.14837232151852295,0.0
-0.9924947199983537,0.12228749230967743,0.0,0.0,1.0,0.08884830525411436,0.0
-0.7604192037565531,-0.6494325481204724,0.0,0.0,1.0,0.1065711041122303,0.0
-0.45110175050370016,-0.892472526575747,0.0,0.0,1.0,0.1638202512368579,0.0
-0.8986883617778211,-0.43858776590905507,0.0,0.0,1.0,0.09279489091929939,0.0
-0.21203417174814604,-0.9772622524231035,0.0,0.0,1.0,0.02172871242321571,0.0
0.1308299493374299,-0.9914048236499384,0.0,0.0,1.0,0.054945778219705935,0.0
-0.2788608463434312,-0.9603315200370262,0.0,0.0,0.0,0.12049777928601405,0.0
0.6679072421393102,-0.7442445269519024,0.0,0.0,1.0,0.02682884257635576,0.0
-0.985795914798032,-0.16794765365289044,0.0,0.0,0.0,0.10514197913513396,0.0
0.4093301471789658,-0.9123863384610963,0.0,0.0,1.0,0.05039517418780039,0.0
0.7078634980519055,-0.7063492536456168,0.0,0.0,0.0,0.2019969503432799,0.0
0.45338877255593957,-0.8913128636568747,0.0,0.0,1.0,0.22825712973828363,0.0
-0.9999034186133277,-0.013897965512277484,0.0,0.0,0.0,0.06709014488289658,0.0
0.18413572323374014,-0.9829008268534458,0.0,0.0,1.0,0.1328379340018959,0.0
-0.8551808906819975,-0.5183296675016252,0.0,0.0,1.0,0.07197981340015738,0.0
-0.9993909013418667,0.03489736831182627,0.0,0.0,1.0,0.10453421989727443,0.0
0.86462392357747,-0.5024196162347776,0.0,0.0,1.0,0.21017346639779028,0.0
-0.9621217445215624,-0.2726201546452233,0.0,0.0,0.0,0.09666557261367573,0.0
0.25890728280716435,-0.9659021787476261,0.0,0.0,0.0,0.10569812688814431,0.0
0.5411012760013305,-0.8409574359679162,0.0,0.0,0.0,0.07287353663861515,0.0
-0.8601709558844803,-0.5100058104108025,0.0,0.0,1.0,0.17730946888324317,0.0
-0.9766335044052086,0.21491160525481512,0.0,0.0,0.0,0.0,0.0
0.3002272751211718,-0.9538676969440344,0.0,0.0,0.0,0.09786013392341894,0.0
-0.5866917151444594,-0.8098103675434468,0.0,0.0,1.0,0.11770569529322707,0.0
0.31701247324354503,-0.9484213682788947,0.0,0.0,1.0,0.08694613350745428,0.0
-0.5458927067372048,-0.8378550905324429,0.0,0.0,0.0,0.16317727538655835,0.0
-0.7225220008952654,-0.6913479284863028,0.0,0.0,1.0,0.1801013641985237,0.0
-0.6948517002411354,-0.7191530537180547,0.0,0.0,1.0,0.04939802435602425,0.0
-0.7264732361955342,-0.6871947592142912,0.0,0.0,0.0,0.22467433268854023,0.0
0.7507967324286897,-0.6605333198063535,0.0,0.0,1.0,0.04883705878232421,0.0
-0.8681155873941442,-0.496362092552725,0.0,0.0,1.0,0.1844315340837921,0.0
-0.8346202767369882,-0.5508257380147311,0.0,0.0,1.0,0.12749138492678472,0.0
-0.8490148837252806,-0.5283689309686446,0.0,0.0,0.0,0.09481494514430927,0.0
0.8708386453418809,-0.49156897153819396,0.0,0.0,0.0,0.09953165351620819,0.0
-0.21019148983714586,-0.9776602362784532,0.0,0.0,0.0,0.1183243604669843,0.0
-0.08301432995400436,-0.9965483535796382,0.0,0.0,1.0,0.13042089309318908,0.0
0.8488910751911926,-0.5285678220065435,0.0,0.0,1.0,0.07399228243142372,0.0
0.5245544525493323,-0.8513769002684242,0.0,0.0,1.0,0.10830300211608047,0.0
-0.190598485847609,-0.9816680789312642,0.0,0.0,1.0,0.08146635885362026,0.0
-0.938894543088695,-0.34420493453503914,1.0,0.0,1.0,0.05924752364630635,0.0
0.4813390643159149,-0.8765344860092382,0.0,0.0,0.0,0.07913441487710512,0.0
-0.9984419647126143,-0.055800027785071496,0.0,0.0,0.0,0.06250126836522801,0.0
-0.5214663927471876,-0.8532718214234172,0.0,0.0,1.0,0.09899225436247405,0.0
-0.9577333183759837,-0.28765759310772004,0.0,0.0,0.0,0.14162374527342075,0.0
-0.2948478955604289,-0.9555442001726484,0.0,0.0,0.0,0.12603551770889812,0.0
-0.38014837999841394,-0.9249255154792636,0.0,0.0,1.0,0.21871723883303254,0.0
-0.7174613541975625,-0.6965983098120463,0.0,0.0,1.0,0.009477349314004138,0.0
-0.9614813934357409,0.274870023969268,0.0,0.0,1.0,0.14346704831070942,0.0
-0.356794305765909,-0.9341829710356655,0.0,0.0,1.0,0.12032101192621761,0.0
-0.470830505110131,-0.8822236878806524,0.0,0.0,1.0,0.16078351711859834,0.0
-0.6741658598676946,-0.738579984422034,0.0,0.0,1.0,0.15582326021552043,0.0
-0.9324212917850562,-0.361373123828941,0.0,0.0,1.0,0.11175041249324115,0.0
0.8745281766220444,-0.48497470892214806,0.0,0.0,1.0,0.12863256424283778,0.0
-0.4314410957323795,-0.9021411092025703,1.0,0.0,0.0,0.08279653935407577,0.0
-0.3240884786461164,-0.9460267744672165,0.0,0.0,0.0,0.15068399896772272,0.0
-0.9671410899760405,0.2542402644742886,0.0,0.0,1.0,0.026056197393864944,0.0
-0.3621742312314554,-0.932110415257712,0.0,0.0,1.0,0.15884132193246586,0.0
-0.28104367337136665,-0.9596949794898005,0.0,0.0,1.0,0.11884132778819449,0.0
-0.9230156045378408,0.38476251607926193,0.0,0.0,1.0,0.09564689810844555,0.0
-0.22261056399247114,-0.9749074503761647,0.0,0.0,1.0,0.10837334002766369,0.0
0.6391375136077359,-0.7690924773389227,0.0,0.0,1.0,0.11204018827058096,0.0
0.5402602368563532,-0.8414979955245985,0.0,0.0,1.0,0.18486518802402507,0.0
0.8332922298911294,-0.5528327591623611,1.0,0.0,0.0,0.2816746831624256,0.0
0.9654235770971484,-0.26068624203234486,0.0,0.0,1.0,0.1809935412075191,0.0
-0.16038775979638842,-0.9870540848947924,0.0,0.0,0.0,0.09173371070551219,0.0
-0.9659362303179071,-0.25878021361617093,0.0,0.0,1.0,0.15148909121426396,0.0
-0.9273534650823868,-0.374186518730553,0.0,0.0,1.0,0.1536664583028742,0.0
0.9318871724232978,-0.3627482568847312,0.0,0.0,0.0,0.07374196387763898,0.0
-0.5898542525259638,-0.8075097279767202,0.0,0.0,1.0,0.056960035138965914,0.0
0.7060544006224222,-0.7081575978281333,0.0,0.0,1.0,0.11683595355416057,0.0
-0.948268950331265,0.31746810522892027,0.0,0.0,0.0,0.16038538013507173,0.0
0.6738360134522283,-0.7388809288206107,0.0,0.0,1.0,0.03940958661992856,0.0
-0.7336663881641682,-0.6795098460494476,0.0,0.0,1.0,0.08395510661727969,0.0
0.19737536591102428,-0.9803279884464634,0.0,0.0,1.0,0.14863258544952032,0.0
-0.7672150649251698,-0.6413899314394228,0.0,0.0,1.0,0.122086180663529,0.0
-0.09394196116411135,-0.9955776754892812,0.0,0.0,1.0,0.19081368102994978,0.0
-0.9569676658558122,-0.2901945666384515,0.0,0.0,1.0,0.04943162729618282,0.0
0.5002655554225628,-0.8658720309940464,0.0,0.0,0.0,0.23760824667247277,0.0
-0.9794719023524879,0.20158073445148084,0.0,0.0,0.0,0.04310037782152101,0.0
-0.3833425403149346,-0.9236062455315538,0.0,0.0,1.0,0.01854181405858696,0.0
-0.9533918600848836,-0.3017349186353573,0.0,0.0,1.0,0.11705436102513465,0.0
-0.9999259257137963,0.01217140441392591,0.0,0.0,0.0,0.06327705358769953,0.0
-0.868011864396162,0.4965434555680891,0.0,0.0,0.0,0.11806221679775604,0.0
0.5199753078125013,-0.8541812918024455,0.0,0.0,1.0,0.11631365605226666,0.0
0.3264917933180508,-0.9452000364451766,0.0,0.0,1.0,0.11021128939462843,0.0
0.4409662521695778,-0.8975236846164654,0.0,0.0,0.0,0.07787944839016103,0.0
0.4025883732693334,-0.9153811237448323,0.0,0.0,0.0,0.14163280762898456,0.0
-0.6235620663331866,-0.7817738480086722,1.0,0.0,0.0,0.10413314426164151,0.0
-0.8768367721825033,0.4807881809576528,0.0,0.0,1.0,0.17518324353773818,0.0
-0.8820921148228306,0.47107695864623467,0.0,0.0,1.0,0.11098138737358466,0.0
-0.46516313097795675,-0.8852249779455978,0.0,0.0,1.0,0.07176762885667051,0.0
-0.7616548749157637,-0.6479829098958184,0.0,0.0,1.0,0.03561447240783072,0.0
-0.9988945924267829,0.047006310433082135,0.0,0.0,0.0,0.11139452842758142,0.0
-0.9567017679501525,0.29106996959674947,0.0,0.0,1.0,0.05653977143186886,0.0
0.5771049624411637,-0.8166699837301374,0.0,0.0,1.0,0.05250190729976109,0.0
-0.4704827453801413,-0.8824091943648168,0.0,0.0,0.0,0.14637286545734934,0.0
-0.9989731220698819,-0.04530674764263043,0.0,0.0,0.0,0.0311164969418304,0.0
0.273549543390381,-0.9618579143048697,0.0,0.0,0.0,0.1906096689166456,0.0
-0.18674288333016015,-0.9824088230088013,1.0,0.0,0.0,0.127985819219777,0.0
-0.8894473668841519,0.457037615019649,0.0,0.0,1.0,0.11780786844875193,0.0
-0.8903391408215023,0.45529794016800573,0.0,0.0,1.0,0.0682617029724707,0.0
-0.9792552602384189,0.2026305389011893,0.0,0.0,1.0,0.15821861481714689,0.0
-0.986848458898216,-0.16164813382843646,0.0,0.0,0.0,0.11985475332013024,0.0
0.3829986867774473,-0.9237488868338358,0.0,0.0,0.0,0.08569516786295989,0.0
0.21531887313292206,-0.9765437946517138,0.0,0.0,1.0,0.12999123483257943,0.0
-0.5257708949960466,-0.8506262198962927,0.0,0.0,1.0,0.03586072722803098,0.0
-0.5642696237444143,-0.8255905714816135,1.0,0.0,1.0,0.038233643422543054,0.0
-0.39991795859451923,-0.9165509404248039,0.0,0.0,1.0,0.06399069573494608,0.0
-0.7564325938106806,-0.6540716558763617,0.0,0.0,0.0,0.1374763633804857,0.0
-0.08059886637395482,-0.9967466191260612,0.0,0.0,1.0,0.11983708390969341,0.0
-0.9460229312750202,-0.3240996968554866,0.0,0.0,0.0,0.17244896327778764,0.0
0.17292217815308533,-0.9849354904270597,0.0,0.0,1.0,0.07400050739157116,0.0
0.18254416795112383,-0.9831976539572457,0.0,0.0,1.0,0.1487333920240671,0.0
0.7681822667657227,-0.640231212162197,1.0,0.0,1.0,0.11430647238023593,0.0
0.6184237438173205,-0.7858448148858458,0.0,0.0,0.0,0.07284774026295357,0.0
-0.9998895517424422,0.014862177374060407,0.0,0.0,1.0,0.13926538353564594,0.0
-0.20833942475069692,-0.9780565853234406,0.0,0.0,1.0,0.11669940708773836,0.0
0.5085272697563944,-0.8610458849063197,0.0,0.0,1.0,0.08854404029273005,0.0
-0.9566689386579269,-0.2911778525353804,0.0,0.0,0.0,0.12209995435720458,0.0
-0.5450242313729569,-0.8384202927030795,0.0,0.0,0.0,0.1135234807031304,0.0
0.9448036320489832,-0.3276371420749632,0.0,0.0,0.0,0.11231559657412488,0.0
0.2302113618765035,-0.9731406521479644,0.0,0.0,1.0,0.09937034250446003,0.0
0.6492452995109886,-0.7605790827145371,0.0,0.0,0.0,0.05475257305531811,0.0
-0.7975334748844568,-0.6032746940148604,0.0,0.0,1.0,0.12373827079474362,0.0
0.364372121102025,-0.9312534334774886,0.0,0.0,0.0,0.07986428131392927,0.0
0.8856804799617936,-0.4642952588759087,0.0,0.0,1.0,0.0689835566177966,0.0
0.9009837312259957,-0.4338528737557039,0.0,0.0,1.0,0.10796500779486964,0.0
0.650924311648341,0.7591426351517437,1.0,0.0,1.0,0.7225598716235426,1.0
0.7423023992950029,0.670065032665399,0.0,0.0,0.0,0.9042256294143374,1.0
0.9519843766890076,0.3061466095517665,1.0,1.0,1.0,0.8498055417605406,1.0
0.6023149876778541,0.7982585142788184,1.0,0.0,1.0,0.7614759403332769,1.0
0.9323154881769283,0.36164600164444755,1.0,0.0,1.0,0.9633106816266459,1.0
0.44798224814691157,0.8940424516460272,1.0,1.0,0.0,0.7874139574900763,1.0
0.9011359747171769,0.433536567166512,1.0,0.0,0.0,0.7853669906359924,1.0
0.3038163526896459,0.9527306145172205,0.0,0.0,0.0,0.7818320745376836,1.0
0.7992755932964685,0.6009646628218487,1.0,1.0,1.0,0.9302367331267154,1.0
0.11573290241490763,0.993280370941972,1.0,1.0,1.0,0.9118356011141596,1.0
0.9610390132948526,0.27641276187118446,1.0,1.0,0.0,0.9709437056411072,1.0
0.9485738438757129,0.3165559393138198,1.0,0.0,0.0,0.7688017658752839,1.0
0.5470669155780116,0.8370888781246354,0.0,1.0,0.0,0.9359093786628425,1.0
0.6333152491242483,0.7738939172953173,1.0,1.0,0.0,0.8719136729584288,1.0
0.7050441958198622,0.7091633675964403,0.0,1.0,0.0,0.7926038828958003,1.0
0.35229606179592127,0.9358886070698181,1.0,1.0,0.0,0.7106362397223251,1.0
0.7725713381952114,0.6349279702448619,1.0,1.0,1.0,0.945684264955333,1.0
0.7922059982860112,0.6102537638389988,1.0,1.0,0.0,0.7723214114540069,1.0
0.6344706811438705,0.7729469288177766,1.0,1.0,0.0,0.8895229108644758,1.0
0.19218887258090286,0.9813579557205828,1.0,0.0,0.0,0.8646603808179437,1.0
0.9331980207352258,0.35936256635305946,0.0,1.0,0.0,0.7013348615940351,1.0
0.15002510057355917,0.9886821881665986,0.0,1.0,0.0,0.9983030889819287,1.0
0.733586510522401,0.6795960797264557,1.0,0.0,0.0,0.9442988067400386,1.0
0.13453348993489483,0.9909090473327699,1.0,0.0,0.0,0.8459413811910046,1.0
0.19008171765849205,0.9817682723596222,0.0,1.0,0.0,0.9041024110727149,1.0
0.026881351700226565,0.9996386311716693,0.0,0.0,0.0,0.8429782709772318,1.0
0.457909699767179,0.8889987102685425,1.0,1.0,0.0,0.9233758813836193,1.0
0.7427790869395448,0.6695365770480776,1.0,1.0,0.0,0.7402985637456682,1.0
0.6308900107389387,0.7758722796632328,0.0,0.0,0.0,0.8339052985702091,1.0
0.77262761523467,0.6348594869550164,1.0,0.0,0.0,0.8006611531218579,1.0
0.7730261155502347,0.6343741992525509,1.0,1.0,0.0,0.8378965730482104,1.0
0.18245914279147563,0.9832134362445419,1.0,0.0,0.0,0.8351417958581092,1.0
0.07498403956163965,0.9971847340443086,1.0,1.0,0.0,0.7429281849337582,1.0
0.7301844637885448,0.6832500631846551,0.0,0.0,1.0,0.9929465712127088,1.0
0.7546159412442274,0.6561667327898366,1.0,0.0,0.0,0.7046476428364383,1.0
0.6659178658011019,0.7460250639267461,1.0,1.0,0.0,0.7030218834452197,1.0
0.3161820028188758,0.9486985512234349,0.0,0.0,0.0,0.8120323955600973,1.0
0.8729850049079776,0.4877470463322338,0.0,1.0,1.0,0.8861129048040453,1.0
0.09891076879632522,0.9950963068045826,0.0,1.0,0.0,0.7538959680444784,1.0
0.7363732800530953,0.6765754890800032,0.0,0.0,1.0,0.8599582011712483,1.0
0.15696650924133845,0.9876039261650335,1.0,0.0,0.0,0.9168315903890436,1.0
0.7556657860140705,0.6549574183469768,0.0,1.0,1.0,0.7282181827120453,1.0
0.5199579973723399,0.8541918291394186,0.0,1.0,0.0,0.99532672240478,1.0
0.8075549753732671,0.5897923039086572,1.0,1.0,0.0,0.8010101943217882,1.0
0.06826629834596262,0.9976671351258094,1.0,1.0,0.0,0.8927246241361747,1.0
0.6643336370672281,0.7474361636026373,1.0,0.0,0.0,0.7332159574559727,1.0
0.18851000265161671,0.9820712697662464,1.0,0.0,1.0,0.9128459166163979,1.0
0.7791041185325343,0.6268945465432306,1.0,1.0,1.0,0.9521369041187457,1.0
0.1563771013416628,0.9876974244048525,1.0,1.0,0.0,0.7315855426991866,1.0
0.0961714765001964,0.9953647809259539,1.0,1.0,0.0,0.7377589463110198,1.0
0.8036929029605059,0.59504429896514,1.0,0.0,0.0,0.7843142243161683,1.0
0.08306728025882776,0.9965439413043468,1.0,1.0,0.0,0.7035807446125988,1.0
0.28969691008632137,0.9571184358721954,0.0,1.0,0.0,0.9958153883011689,1.0
0.8817578129334253,0.4717024054749591,1.0,0.0,0.0,0.879515222485795,1.0
0.8722965749752088,0.48897718278721336,1.0,1.0,0.0,0.8822768349890636,1.0
0.89924827682664,0.4374386089776697,1.0,1.0,1.0,0.9876886508954907,1.0
0.41401801971323177,0.9102686852532795,0.0,0.0,1.0,0.9496087762958281,1.0
0.6374724302612315,0.770473166733819,0.0,0.0,1.0,0.9442728792905049,1.0
0.8480578206601909,0.5299037014563,1.0,0.0,0.0,0.8018507109704877,1.0
0.17835424051189616,0.9839663433733009,1.0,1.0,1.0,0.8004590180393936,1.0
0.812381995098142,0.5831256245787544,1.0,0.0,0.0,0.787521387943794,1.0
0.1272632800837109,0.9918689719626957,1.0,0.0,0.0,0.804008728532896,1.0
0.9303778754332189,0.3666019761326577,1.0,0.0,0.0,0.8108526284079551,1.0
0.7407842398875608,0.6717430386198348,1.0,0.0,1.0,0.742001106694178,1.0
0.6017857296459339,0.7986575834451902,1.0,0.0,0.0,0.806784358810628,1.0
0.5927822417407539,0.8053627840152576,1.0,1.0,1.0,0.8340241105734183,1.0
0.23517864623653975,0.9719521615564979,1.0,0.0,0.0,0.7928042016239976,1.0
0.4374893774517345,0.8992235787705379,1.0,0.0,1.0,0.7496040904472643,1.0
0.8144627548870393,0.5802158399266729,1.0,0.0,0.0,0.8120231194535492,1.0
0.6503868036793308,0.7596031895666208,1.0,0.0,1.0,0.8442723319649308,1.0
0.638740494131931,0.7694222385375253,1.0,0.0,0.0,0.9162185160001385,1.0
0.25280301008886596,0.9675177714595266,1.0,1.0,0.0,0.9133713284424011,1.0
0.7856104572894667,0.6187214311767736,0.0,1.0,1.0,0.7608085093249972,1.0
0.49094241445173536,0.8711920257281401,1.0,1.0,0.0,0.7109966185504711,1.0
0.23694836978513004,0.9715222437269099,1.0,0.0,0.0,0.7911398565421207,1.0
0.9442836714499804,0.3291327206962952,1.0,1.0,1.0,0.7471408914576853,1.0
0.6157977073325468,0.7879042985312233,1.0,1.0,0.0,0.8187365437647082,1.0
0.6374609516770131,0.770482663716087,0.0,0.0,1.0,0.9938038357457812,1.0
0.9593282307190769,0.2822930139861868,1.0,0.0,0.0,0.7543214112715663,1.0
0.46144608703341167,0.8871682527917425,1.0,1.0,1.0,0.7956621830268906,1.0
0.9439540133651115,0.33007699200625734,0.0,0.0,0.0,0.9175342948958717,1.0
0.789292055150221,0.6140179571288941,1.0,0.0,0.0,0.8527548348585765,1.0
0.7370670916750705,0.6758195782674938,0.0,1.0,1.0,0.7131784430720154,1.0
0.30205998423204267,0.9532889204882946,1.0,0.0,0.0,0.7485070054483964,1.0
0.06769620371906673,0.997705980738828,1.0,1.0,0.0,0.9805748664319588,1.0
0.5422038062604606,0.8402470068239868,1.0,0.0,0.0,0.7309494978217085,1.0
0.013313364798269472,0.999911373231522,1.0,0.0,0.0,0.8905278361629116,1.0
0.0928083179067189,0.9956839941102424,1.0,0.0,0.0,0.9376976946522735,1.0
0.7027680201293973,0.7114190817537909,0.0,0.0,0.0,0.7796317188174772,1.0
0.8124437833978952,0.5830395345241297,1.0,1.0,1.0,0.917523400941607,1.0
0.21807723637484486,0.9759315134655249,1.0,1.0,0.0,0.750968553709054,1.0
0.8185261925427951,0.5744692090281212,0.0,1.0,0.0,0.7854250824501371,1.0
0.9468147064133637,0.32177929038298275,1.0,1.0,0.0,0.7935466092652622,1.0
0.8264738820592987,0.5629750636341119,1.0,0.0,0.0,0.9989304971692671,1.0
0.8558488725908916,0.5172259731344703,1.0,0.0,0.0,0.7643716885653872,1.0
0.7939208266716774,0.608021151751286,0.0,0.0,1.0,0.7387622393900755,1.0
0.28995576963587194,0.9570400470486432,1.0,1.0,0.0,0.9777074312444232,1.0
0.4550281530756853,0.8904770518708108,1.0,0.0,0.0,0.7485792081461058,1.0
0.946621258465444,0.3223479378269686,1.0,0.0,1.0,0.9637839758888216,1.0
0.761434154503997,0.6482422605436823,0.0,1.0,0.0,0.895136988294007,1.0
